id,asin,review_id,review_title,review_comment,review_star_rating,review_link,review_author,review_date,is_verified_purchase,helpful_vote_statement,review_images,date
1763666021,B0DXPL5XHF,R35PTHJAYAIGAL,Premium Earbud,"1. Premium look 2. Sound superb 3. Battery long life 4. Price is also good 5. ANC mode is also perfect. It adjust as per the environment Overall, it is a fantastic product with great features. Must buy without hesitate. Don't think to much while buying this product. Amazon packaging was also nice. I will give 10 out of 10",5.0,https://www.amazon.in/gp/customer-reviews/R35PTHJAYAIGAL,Izaz Ahmed,Reviewed in India on 4 November 2025,1,5 people found this helpful,[],2025-11-20T19:13:41.442335
1763666021,B0DXPL5XHF,R3EQNZ7NUHY0JI,A complete premium class product!!,"I must say this product has a complete different vibe as compared to any other I have used till date. As soon as you plugin , you forget the world around you and you go into a trance mode cut out from rest of the world. Spatial sound feels so premium and each beats you feel it. Looks are also very classy and it works perfectly without any hassle. ANC mode is too good as well. You get complete hassle free call quality without any outside noise interference. I highly recommend this product. This truly is a game changer at this price segment.",5.0,https://www.amazon.in/gp/customer-reviews/R3EQNZ7NUHY0JI,ROHIT ,Reviewed in India on 22 October 2025,1,3 people found this helpful,[],2025-11-20T19:13:41.442367
1763666021,B0DXPL5XHF,RTAG9DLG0M2EZ,But have a little bit of defect in ear play mode .,"The boAt Nirvana Zenith Pro is a phenomenal value proposition, offering premium-tier features—spatial audio, LDAC, robust ANC, long battery life, and AI-powered calling—at an unbeatable sub-₹3,000 price. Whether you're a gamer, binge-watcher, or commuter, these earbuds deliver much more than their price suggests.",4.0,https://www.amazon.in/gp/customer-reviews/RTAG9DLG0M2EZ,Tuhin karmakar,Reviewed in India on 31 August 2025,1,One person found this helpful,[],2025-11-20T19:13:41.442419
1763666021,B0DXPL5XHF,R2LXQZWVM7F432,High quality product at right price,Great quality product. Sound quality is excellent. Charges really fast. Use it to connect with my Samsung 25 ultra and laptop at the dame time. Using it for few months now and its working really good so far.,5.0,https://www.amazon.in/gp/customer-reviews/R2LXQZWVM7F432,Ashok Sharma,Reviewed in India on 3 November 2025,1,One person found this helpful,[],2025-11-20T19:13:41.442472
1763666021,B0DXPL5XHF,RGQJZGPGR49OJ,King of Battery Life with Great Sound (Value for Money!),"I've been using the boAt Nirvana Zenith Pro and I'm genuinely impressed for the price. The biggest win here is the battery life—it seriously lasts forever. You can go days without worrying about charging the case, which is a huge plus. The sound quality is fantastic if you like a strong, punchy bass. It's perfect for pop, hip-hop, and watching movies because the Spatial Audio feature makes everything sound immersive. The Active Noise Cancellation (ANC) works very well for blocking out sounds like fans, A/C, and general indoor chatter, making your commute much quieter. The only real downside is the ANC struggles a bit with loud, sudden noises outdoors, and the system voice announcements are quite loud. Verdict: If you want incredible battery life, heavy bass, and good features like ANC and LDAC without spending a fortune, these are a top choice. Great value for money!",5.0,https://www.amazon.in/gp/customer-reviews/RGQJZGPGR49OJ,Sai Meduri,Reviewed in India on 9 October 2025,1,One person found this helpful,[],2025-11-20T19:13:41.442498
1763666021,B0DXPL5XHF,R3IUXJ6VXYOFMO,"Nice product, do give it a try!","I'd say just hit the buy button because the features it is offering at such a good price is outstanding. Other brands charge like almost double for all these features. All the features mentioned works like a charm. Also the looks stand out compared to other competitive products. # There's just one con that the ""NIRVANA"" badging on the case is not of very good quality as the letters come out after some days due to poor quality glue used. Solution - 1: Either you remove all the letter then it would look good as nirvana is engraved on the case where the letters stick. Solution - 2: Or apply feviquick with the help of a needle and stick the letters again and it's never gonna get off ever again. My final recommendation to you would be that if you fix the minor con than the product is great.",5.0,https://www.amazon.in/gp/customer-reviews/R3IUXJ6VXYOFMO,Mukul Verma,Reviewed in India on 24 September 2025,1,One person found this helpful,"[""https://m.media-amazon.com/images/I/71gfVZXRnCL.jpg"", ""https://m.media-amazon.com/images/I/71HUycCL3iL.jpg""]",2025-11-20T19:13:41.442549
1763666021,B0DXPL5XHF,R2CJCWMZ3Q12B7,High quality with low price,"Sound effects, special audio and the anc vas good",5.0,https://www.amazon.in/gp/customer-reviews/R2CJCWMZ3Q12B7,D hunder,Reviewed in India on 13 November 2025,1,,[],2025-11-20T19:13:41.442592
1763666021,B0DXPL5XHF,R1SOGAGMM8JRRM,Check before buying,"Boat Zenith Pro Review – My Experience Overall, the product is really good in terms of build quality, sound and features. It performs smoothly when connected with Android devices, and I didn’t face any major issues there. However, if you are using an iPhone, keep in mind that the performance is not as smooth: • Connectivity feels a bit unstable sometimes • Features don’t work as seamlessly as they do on Android ✅ Pros • Premium look & feel • Good sound quality • Works well with Android ⚠️ Cons • Not fully optimized for iOS / iPhone users 📌 Verdict: Worth buying if you are an Android user. For iPhone users, it works, but the experience is not as smooth.",4.0,https://www.amazon.in/gp/customer-reviews/R1SOGAGMM8JRRM,Fazir,Reviewed in India on 4 August 2025,1,7 people found this helpful,[],2025-11-20T19:13:41.442615
1763666023,B0DGV56J6G,R33RDR3FDMIZ0K,"Very Comfortable, doesn’t look odd while wearing","Loved it! These are my first OES. Initially you might feel a little different while wearing them but trust me they are super light and comfortable. They are loud enough for an open ear system! I had this doubt that as its an open ear system so people might hear what I’m listening to, but someone has to lean into your ear to hear what you’re listening to, so it’s quite safe😂. Else, it’s value for money for sure, good sound quality and good enough ENC.",5.0,https://www.amazon.in/gp/customer-reviews/R33RDR3FDMIZ0K,Rrahul Gandhi,Reviewed in India on 18 September 2025,1,7 people found this helpful,"[""https://m.media-amazon.com/images/I/61wDhKkGm4L.jpg"", ""https://m.media-amazon.com/images/I/616a1kKSafL.jpg"", ""https://m.media-amazon.com/images/I/61D-Mp5mxqL.jpg""]",2025-11-20T19:13:43.947507
1763666023,B0DGV56J6G,R1IHYC6ZOQYSS8,MIC & Sound is Worst,sound & mic quality was toooooo worst. don't buy this. with in few months it is not working suddenly. the company make a replace of it. But still the product is not gud. Don't waste your money by its look. During calls/meetings the other side persons are not happy until I disconnected this earbuds. complaining nothing is audible. saying i am speaking tooo far from the mic. even 1 Star I am give for its body quality.,1.0,https://www.amazon.in/gp/customer-reviews/R1IHYC6ZOQYSS8,rajanikanth,Reviewed in India on 2 November 2025,1,2 people found this helpful,[],2025-11-20T19:13:43.947548
1763666023,B0DGV56J6G,R2ABFKTL0J58PW,My type,Great product,5.0,https://www.amazon.in/gp/customer-reviews/R2ABFKTL0J58PW,Viraj S.,Reviewed in India on 7 November 2025,1,,[],2025-11-20T19:13:43.947576
1763666023,B0DGV56J6G,R1BT4JMSCZBC5L,Good product..,"Okay product, suitable for my ears who cannot accommodate regular ear buds.. My reviews: 1. The product, its design in itself is good.. It's battery back-up is unbelievably large as compared to its size. 2. It fits in any kind of ear and shows a good balance between music and environmental awareness. 3. It has an impressive Mike- that captures your voice.. Yet they cannot catch the low intensity voice. Some drawbacks and suggestions. 1. There is no problem with the air clips but the case has its own problems- like it does not show how much battery is remaining in it. 2. The magnets are loose so one needs to adjust the airclips inside the after placing them. 3. The airclips get automatically connected with the device even when they are inside the case and the case is in your pocket!-because the magnets are loose! 4. As the case is tiny, it's power backup is less. (The battery's shelf-life also seems to be less.) Else all is fine.. A recommended product for the people like me whose ears do not accept the regular ear buds. 6. Has a weak connection capacity. When I contacted the customer service phone number, they immediately reverted and after receive the complaint in the proper formal way, an assistant called me, talked to me for 15 minutes and guided me with a procedure. The Customer service also seems prompt👍",4.0,https://www.amazon.in/gp/customer-reviews/R1BT4JMSCZBC5L,Shraddha Kanetkar,Reviewed in India on 26 May 2025,1,13 people found this helpful,[],2025-11-20T19:13:43.947589
1763666023,B0DGV56J6G,R25F40XNAHGNGP,Poor customer service and defective product,"Defective product. Amazon directed to Noise customer care. Noise CC picked up the product to their service centre, after keeping it there for 1 week, and returned the same product without any fix. No feedback call afterwards or follow-up. Now I need to again follow the same process again, and I don't believe it will help. The issue I am facing is that the charging case always shows a red light even it is fully charged.",1.0,https://www.amazon.in/gp/customer-reviews/R25F40XNAHGNGP,Amazon Customer,Reviewed in India on 17 October 2025,1,3 people found this helpful,[],2025-11-20T19:13:43.947649
1763666023,B0DGV56J6G,R1UNTOUU61922F,My Review of Noise Pure Pods (Power Black),"I bought these earbuds yesterday, and honestly, I’m super impressed with them so far. 🔋 Battery Life: The claim of up to 80 hours seems true — I used them almost the whole day, and the battery barely moved. That’s a huge relief compared to my old earbuds. 🎶 Sound Quality: The 16mm custom drivers make a real difference. The bass feels punchy, vocals are clear, and the overall balance is perfect whether it’s music, movies, or even phone calls. 🎧 Noise Cancellation: The Environmental Noise Cancellation works well, especially during calls. Even in a noisy background, the person on the other side could hear me clearly. 💦 Build & Comfort: The ear hook design (Pure Band) makes them sit securely on the ears, which is great for workouts or biking. Plus, the IPX5 water resistance means I don’t have to worry about sweat or rain. ⚡ First Impression: For something I just bought, the comfort, sound quality, and battery life are way above my expectations. The matte black design also looks very premium. 👉 Verdict (Day 1): Totally worth the price! If they perform this good on the first day, I’m excited to see how they hold up in the long run.",5.0,https://www.amazon.in/gp/customer-reviews/R1UNTOUU61922F,Manish Ambekar,Reviewed in India on 8 September 2025,1,13 people found this helpful,"[""https://m.media-amazon.com/images/I/61wSwy+Z2vL.jpg""]",2025-11-20T19:13:43.947678
1763666023,B0DGV56J6G,R12QB7DCHG2HRU,Good product but not that good and loud enough sound quality,Cool product and sound quality is also quite good but they should increase the quality of sound and also need to increase more volume strength cause it is only hearable when in quiet place not in public places or little bit noise place and good quality of earbuds but not that good quality of charging case cause it gets scratches even while its in pocket where as pocket is totally empty except case,3.0,https://www.amazon.in/gp/customer-reviews/R12QB7DCHG2HRU,Atharva,Reviewed in India on 4 November 2025,1,One person found this helpful,[],2025-11-20T19:13:43.947732
1763666023,B0DGV56J6G,R38U3RU365YIES,Accessories Missing,"Dear Seller, I recently purchased the Open Wearable Stereo headphones and I'm happy with the product overall. Everything is working well and was delivered in good condition. However, I noticed that the *soft carry bag* or we can say *pouch*, which are usually included for storing and handling the headphones, were missing from the package. I kindly request you to look into this and assist in sending the missing accessories at your earliest convenience. Thank you for your support.",5.0,https://www.amazon.in/gp/customer-reviews/R38U3RU365YIES,Pooja Nipanikar,Reviewed in India on 15 November 2025,1,,"[""https://m.media-amazon.com/images/I/61A8ZsojbNL.jpg""]",2025-11-20T19:13:43.947759
1763666026,	B0DN171184,R2JRG4NAMI1AC8,Crisp & Clear Audio,"Voice Quality is Crisp Clear & Awsome. Good Noice Cancellation. Calling quality is among the best. Noice Cancellation while calling is superior. Easily lasts 2 Weeks without any charging, with case. Value for money among the competitors. Not for heavy bass listeners. App size could be small. Connectivity is super quick & also can be used 2 devices at a time",5.0,https://www.amazon.in/gp/customer-reviews/R2JRG4NAMI1AC8,Sahaus Sandhu,Reviewed in India on 15 November 2025,1,One person found this helpful,[],2025-11-20T19:13:46.647433
1763666026,	B0DN171184,R1U94V0VTNY2OJ,"Ordered second time, as good call quality and average sound and best battery","Product Review for boAt Nirvana Ion True Wireless Earbuds I recently purchased the boAt Nirvana Ion True Wireless Earbuds, and after using them for a while, here’s my detailed review. Design & Comfort (4.5/5) The earbuds come in a sleek, pebble-shaped charging case with an LED indicator, giving them a premium look. The matte finish on the earbuds provides a solid grip, and they feel comfortable in the ears, even during long listening sessions. Multiple ear tip sizes ensure a snug fit. Audio Performance (4.5/5) The 10mm drivers deliver powerful sound with dual EQ modes – boAt Signature Sound for deep bass lovers and Balanced Mode for a more natural sound. The Crystal Bionic Sound with HiFi® DSP enhances audio clarity, making music and calls sound crisp. Battery Life (5/5) One of the best features of these earbuds is their 120-hour battery life (including the case). Each earbud lasts 24 hours on a single charge, which is impressive. This makes them perfect for long trips without worrying about frequent charging. Call Quality & Connectivity (4/5) The quad-mic setup with ENx™ technology significantly reduces background noise during calls. The person on the other end hears your voice clearly. The earbuds support Bluetooth 5.2, ensuring a stable connection with no noticeable lag. Gaming & Additional Features (4/5) With a 60ms low-latency mode, gaming and watching videos are smooth, with minimal audio delay. They also feature in-ear detection, pausing playback when removed from the ears, which is a convenient touch. Final Verdict (4.5/5) The boAt Nirvana Ion earbuds offer excellent sound, a stylish design, and an unmatched battery life at an affordable price. If you’re looking for budget-friendly earbuds with premium features, these are a great choice. Pros: ✔️ Excellent battery life (120 hours) ✔️ Great sound with dual EQ modes ✔️ Comfortable fit and premium design ✔️ Low-latency mode for gaming ✔️ Clear call quality with quad mics Cons: ❌ No Active Noise Cancellation (ANC) ❌ Touch controls could be more responsive Would I recommend it? Absolutely! Great value for money, especially for music lovers and travelers",4.0,https://www.amazon.in/gp/customer-reviews/R1U94V0VTNY2OJ,deepak gupta,Reviewed in India on 23 February 2025,1,4 people found this helpful,[],2025-11-20T19:13:46.647461
1763666026,	B0DN171184,R11MLXIFRWIO1Y,Strongly Recommending Nirvana Ion ANC,"First time using any earbud. It was recommended by one of my friend. Ordered it. Was using it for little more than1 hr everyday for last 14 days. Pros: 1. Sounds great. Boat's signature sound which is bass boosted feels great. 2. Boat Hearables app also customizes best suitable audio type only for you with its amazing hearing test. Apart from that you get to adjust your audio on your own. Sound gets 8.5/10 from me. 3. Other side of the phone says crystal clear sound they can hear from me. Works great even in very low tone. Clarity worked damn well even in fish market, traffic, puja pandals with loud mikes. Will rate 10/10 on calling clarity. 4. Great touch features. Next song, previous song, pause, anc mode> anc off> ambient mode, signature sound> balanced sound, call receive and cut etc are smoothy operative from touch features. For volume only you need to open phone. Touch gets 9/10 from me. 5. Charged 1st time and dat was the last time since these 14days. Battery status 100% in both buds and 91% in case. Terrific battery life. Gets 10/10. 6. In ear detection is great. Music/video pause when ear bud is taken out of ear. 7. Fits great in my ear. Does not get loose while running. 3types of rubber is given with the box for your ear type. 8. Ambient Feature is absolutely good thing while you are walking in road or traffic, you need to hear the sourround too. However, it should work with lesser dB sound too. As it seems it working in short distance when the vehile has approached considerably. If it is a truck/bus the noise/horn is louder from long back so you get time to be aware. But if it is a car or bike unless it horns you wont be able to be aware well in advanced. This thing I dnt know may not be expected in this low budget. Even with out the earbuds been connected to bluetooth it reduces the sourrounding sound considerably without ambident mode on. Cons: Just one con I must admit is the Boat Hearable app. It does not work without GPS. However there is absolutely no necessity of this app to be installed if you are pretty happy with the boats signature sound/ balanced sound. Only if you want to customize your auido you need it. Also, you need it if you want to turn on/off the feature for mutiple device connections. Did not use that feature yet. Conclusion: I strongly recommend it. Sounds great for me.",5.0,https://www.amazon.in/gp/customer-reviews/R11MLXIFRWIO1Y,krishnendu pal,Reviewed in India on 23 September 2025,1,23 people found this helpful,[],2025-11-20T19:13:46.647543
1763666029,B0DHH96NBB,R325NUMP4MDCDO,Best product !!!,"Amazing product. The sound , noise cancelation feature impeccable. Especially at great cost. The design , functionality, everything is too good. The battery life is something I have never seen before. Great purchase !!!",5.0,https://www.amazon.in/gp/customer-reviews/R325NUMP4MDCDO,Abid Khan,Reviewed in India on 8 August 2025,1,3 people found this helpful,[],2025-11-20T19:13:49.173848
1763666029,B0DHH96NBB,RVWUZXI6IGZQY,worst product from noise,"Product is not good as shown in am facing a connectivity issue I will not automatically disconnect while in case and there is no year sensing birds. They show that if you remove your birds from here, it will sense and it will pass the music or the video that’s not working and they act will never connect with this earbuds. I will never detect the earbuds. There is an issue with that app also I think who are planning to buy this go to JBL. I prefer that I am returning this product and I am going to JBL only.",1.0,https://www.amazon.in/gp/customer-reviews/RVWUZXI6IGZQY,Gowda,Reviewed in India on 9 November 2025,1,One person found this helpful,[],2025-11-20T19:13:49.173872
1763666029,B0DHH96NBB,R2UV1FW64F7OC,Good earbuds.....,"The design is also good, the sound quality is also good, the battery is also working well, it is not value for money, the ANC function also works well, the sound quality is also balanced.",4.0,https://www.amazon.in/gp/customer-reviews/R2UV1FW64F7OC,Not premium quality,Reviewed in India on 23 August 2025,1,,"[""https://m.media-amazon.com/images/I/61J2L9vmZxL.jpg"", ""https://m.media-amazon.com/images/I/61JTN4dLOAL.jpg""]",2025-11-20T19:13:49.173908
1763666029,B0DHH96NBB,R246RXFT7EXN1,Noise cancellation is on point,Noise cancellation is on point.,5.0,https://www.amazon.in/gp/customer-reviews/R246RXFT7EXN1,Vignesh Labam,Reviewed in India on 14 November 2025,1,,[],2025-11-20T19:13:49.173930
1763666029,B0DHH96NBB,R3SHTUPU17P1YB,Pathetic product,The product was defective the right buds discharges very quick. The case does not closes properly due to which the buds do not disconnect. They are not app compatible. The company doesn't even allow a refund they will replace not refund. How to trust them again when they sent first product turned out defective. First product from noise and highly disappointed.,1.0,https://www.amazon.in/gp/customer-reviews/R3SHTUPU17P1YB,Hemant sachwani,Reviewed in India on 12 October 2025,1,One person found this helpful,[],2025-11-20T19:13:49.173945
1763666029,B0DHH96NBB,R1ASI0IICFEH6C,Vale for money for its ANC,ANC is quite good. It can be felt immediately. Sound quality also quite good. No pain in wearing for long duration. I am able to connect to my laptop and mobile at the same moment i.e. 2 devices simultaneously. Magnet strength good. Light weight.,5.0,https://www.amazon.in/gp/customer-reviews/R1ASI0IICFEH6C,Sudeep Kumar Agarwal,Reviewed in India on 9 May 2025,1,One person found this helpful,[],2025-11-20T19:13:49.173973
1763666029,B0DHH96NBB,R1L9L1YGZ2WTBN,Excellent,Excellent,5.0,https://www.amazon.in/gp/customer-reviews/R1L9L1YGZ2WTBN,abhishekraj,Reviewed in India on 15 September 2025,1,,[],2025-11-20T19:13:49.173985
1763666029,B0DHH96NBB,RS2KFIWVFL9TI,Cld be better,Pros The volume on this is really loud and clear as it has 12.4 mm drivers. Looks elegant Excellent ANC Cons Bass cld be better No app support. This is a striking point tht even after spending so much there's no app support when actually they have a app but it's functionality is for the lower version earbuds 6 which is infact 500 cheaper than this one. I don't know the logic behind this. Also voice activated controls are absent.,3.0,https://www.amazon.in/gp/customer-reviews/RS2KFIWVFL9TI,Yash,Reviewed in India on 25 May 2025,1,One person found this helpful,[],2025-11-20T19:13:49.173993
1763666031,	B0DBHD2F5R,R15APISLNWETEW,VFM product,"Ordered this product on the launch date, unsure about the audio quality of this specific earbuds. But had a trust on boat. Not disappointed. Considering the price audio quality is good. Can be compared with earbuds in 5k+ range. ANC is good. Spatial audio works fine. Head tracking is okay. It's not awesome and at the same time not bad as well. Ear detection is quick and flawless unlike a few earbuds that mistakes heavy or sudden head movements and pauses the audio. Decent battery backup. Pros: •Looks good •VFM •Good sound quality •App provides personalised audio output based on our hearing capabilities. Cons •Matte white case gets dirty easily. It's like a dirty magnet. •Case is kinda big. •Mode change and other announcements are always at full volume. Hope it gets resolved in further software updates. Summary This is a great product under 3k. Comes with good amount of features for this price. Delivers crisp and clear audio and is super affordable. Go for it.",5.0,https://www.amazon.in/gp/customer-reviews/R15APISLNWETEW,Krishna,Reviewed in India on 5 September 2024,1,13 people found this helpful,"[""https://m.media-amazon.com/images/I/71xo4CuuigL.jpg"", ""https://m.media-amazon.com/images/I/7177ERphkLL.jpg"", ""https://m.media-amazon.com/images/I/61PELD4oeZL.jpg""]",2025-11-20T19:13:51.513729
1763666031,	B0DBHD2F5R,R1NYREKDLDGXP,Good,"Nice one, all sounds are goods especially spacial mode was good",5.0,https://www.amazon.in/gp/customer-reviews/R1NYREKDLDGXP,P. MANIKANDAN,Reviewed in India on 8 November 2025,1,,[],2025-11-20T19:13:51.513768
1763666031,	B0DBHD2F5R,R3LS0ZUGB7O8HA,Not worth it. Dead within a year,Dead in one year. Was a good product.,1.0,https://www.amazon.in/gp/customer-reviews/R3LS0ZUGB7O8HA,Mukul,Reviewed in India on 10 November 2025,1,,[],2025-11-20T19:13:51.513778
1763666031,	B0DBHD2F5R,R18WHN07LTO69P,At ANC or spatial audio mode battery drains quickly,Overall the case quality and sound quality is very nice the anc mode perfectly being used and spatial audio is the must use feature if you are watching movie or any shows. All the features listed are truly satisfied but if you use spatial audio or ANC mode the battery of the buds will draing quickly and the ear detection feature also works properly... Highly recommend earbuds but when i put on the buds for too long it slightly pains it might my ears alignment but btw the buds are very good if you willing to buy any erabuds under 3000 this is the best,4.0,https://www.amazon.in/gp/customer-reviews/R18WHN07LTO69P,Aditya Giramkar,Reviewed in India on 30 June 2025,1,,[],2025-11-20T19:13:51.513786
1763666031,	B0DBHD2F5R,R2MORZUEPGHL2Z,Its good enough,"The Nirvana Ivy earbuds offer excellent value, packing premium features like 360° Spatial Audio with dynamic head tracking and up to 50dB Active Noise Cancellation into an affordable package. The sound is generally good, with an emphasis on bass, and the 11mm drivers deliver a rich audio experience. Battery life is impressive, offering up to 50 hours with the case and a quick charge feature. While some users might find the fit a bit wide or notice slight distortion at high volumes, the overall package, including IPX5 water resistance and app customization, makes them a strong contender for budget-conscious users seeking immersive audio.",5.0,https://www.amazon.in/gp/customer-reviews/R2MORZUEPGHL2Z,Taj kumar Baskey,Reviewed in India on 20 July 2025,1,,"[""https://m.media-amazon.com/images/I/61-jECQq61L.jpg""]",2025-11-20T19:13:51.513803
1763666031,	B0DBHD2F5R,RZOVMEURVJT5T,Excellent Value and Sound Quality!,"I recently purchased the Nirvana Boat Ivy and have been really impressed with its performance. The sound quality is crisp with decent bass for its size, and it easily fills a room. The Bluetooth connectivity is quick and stable, and I haven't experienced any lag or drops so far. The design is sleek and modern—compact enough to carry around but sturdy enough to feel premium. Battery life is impressive; it easily lasts for hours on a single charge, which makes it perfect for both indoor and outdoor use. One thing I really appreciate is the ease of use—the controls are intuitive, and pairing was seamless. Overall, this is a great Bluetooth speaker in its price range and definitely worth the buy. Highly recommended for music lovers looking for portability without compromising on quality!",5.0,https://www.amazon.in/gp/customer-reviews/RZOVMEURVJT5T,Kush ,Reviewed in India on 15 May 2025,1,One person found this helpful,[],2025-11-20T19:13:51.513821
1763666031,	B0DBHD2F5R,R367W0ATLGPS2Y,Good but...,"The ANC Mode for this earbuds are good and reliable but the overall touch responsiveness and in ear controls are not always on point, in my first day use itself I faced touch issues and when I plug out my earphones the music doesn't stop playing. The sound quality and bass for the earphones are good for its price range, don't expect premium quality sound like JBL and Sony, but for the price range it's good. The head detection and spatial sound feature is really an experience, that's a good feature implemented in these earbudsThe only issue I had is with the touch response and in ear detection. Overall I'll give it a 3.5 out of 5",3.0,https://www.amazon.in/gp/customer-reviews/R367W0ATLGPS2Y,Nandakrishnan,Reviewed in India on 23 January 2025,1,2 people found this helpful,"[""https://m.media-amazon.com/images/I/51FqclsW8rL.jpg"", ""https://m.media-amazon.com/images/I/51gfuSknoHL.jpg"", ""https://m.media-amazon.com/images/I/51Kk7zfliNL.jpg""]",2025-11-20T19:13:51.513843
1763666031,	B0DBHD2F5R,RB6G0OL4NH99Q,Very nice and very cool products,Nice sound,5.0,https://www.amazon.in/gp/customer-reviews/RB6G0OL4NH99Q,hardik panchal,Reviewed in India on 13 November 2025,1,,[],2025-11-20T19:13:51.513862
1763666034,	B0F673HNLP,R2FJ0GSPYNOG2I,Just wow!!,"I loved the product especially it's design n confortness is too good. Nice products and beautiful. Comfort is good and also audio is on top. Design is very good.charging capacity also excellent. Clips are easy to wear.and body of buds is excellent.Excellent Build Quality, sturdy fitting in Ears, Good Voice Quality, Better for Continuous Head Phone users. Easy to pair the airclips.",5.0,https://www.amazon.in/gp/customer-reviews/R2FJ0GSPYNOG2I,Maan Ghori,Reviewed in India on 8 August 2025,1,2 people found this helpful,"[""https://m.media-amazon.com/images/I/61VslS9I1FL.jpg"", ""https://m.media-amazon.com/images/I/61dm1pU0WvL.jpg""]",2025-11-20T19:13:54.211611
1763666034,	B0F673HNLP,RIRUUBOL7T3AI,zero quality,"I am very disappointed with this product. It is not worth the price at all. Within just one week of purchase, it stopped working completely. The build quality and performance do not match the claims made. Definitely not recommended.",1.0,https://www.amazon.in/gp/customer-reviews/RIRUUBOL7T3AI,sunil.v,Reviewed in India on 10 September 2025,1,6 people found this helpful,"[""https://m.media-amazon.com/images/I/71nXLo9p6hL.jpg"", ""https://m.media-amazon.com/images/I/615r2+UfgRL.jpg""]",2025-11-20T19:13:54.211632
1763666034,	B0F673HNLP,R3NY8Y167O2GCD,Great quality,"These noise earbuds are fantastic! The sound quality is surprisingly rich with clear highs and punchy bass, making music truly enjoyable. Although I have used other brands but These one fits comfortably and stay secure even during workouts. Battery life is impressive, lasting through long listening sessions. Plus, the quick connectivity and have good mic quality and reliable performance make them a joy to use daily. Definitely a good choice for the price",5.0,https://www.amazon.in/gp/customer-reviews/R3NY8Y167O2GCD,Shefali,Reviewed in India on 2 August 2025,1,7 people found this helpful,[],2025-11-20T19:13:54.211646
1763666034,	B0F673HNLP,R1DUBKABNZYRLX,Do not waste your money...,quality of audio... suddenly left side of clip stop working. not connected properly... connection and the touch sensor not working...,1.0,https://www.amazon.in/gp/customer-reviews/R1DUBKABNZYRLX,Rohit Nagargoje,Reviewed in India on 26 October 2025,1,4 people found this helpful,[],2025-11-20T19:13:54.211660
1763666034,	B0F673HNLP,R3OUWQ4TY2X6I0,sound super,"The Noise air clip 2 truly impresses for its price. The sound is dynamic and immersive, dual drivers and Dolby Atmos with head tracking, making music and movies engaging Active noise cancellation great for commutes or focusing at Battery life is solid, lasting up to 50 hours and Fast charging gives hours of use from just a short charge. Connectivity is superb function is very easy to understand mic quality top notch",5.0,https://www.amazon.in/gp/customer-reviews/R3OUWQ4TY2X6I0,Banti pareehar ,Reviewed in India on 4 August 2025,1,2 people found this helpful,"[""https://m.media-amazon.com/images/I/41AI7TxRGSL.jpg""]",2025-11-20T19:13:54.211670
1763666034,	B0F673HNLP,R1V2V8KGVH8DXT,Awesome product 👌,"Voice and sound quality is good, it's good for calling 🤙 but not very good for music and videos watching. Bass quality is lower side, overall value for money..",4.0,https://www.amazon.in/gp/customer-reviews/R1V2V8KGVH8DXT,Ankit Tiwari,Reviewed in India on 7 October 2025,1,,"[""https://m.media-amazon.com/images/I/61PM3uAUAfL.jpg"", ""https://m.media-amazon.com/images/I/61T9Q5ZHtTL.jpg"", ""https://m.media-amazon.com/images/I/617A1b4xNtL.jpg"", ""https://m.media-amazon.com/images/I/61DrQVICxoL.jpg""]",2025-11-20T19:13:54.211685
1763666034,	B0F673HNLP,R2EBEBC27JYCA2,This is a very good product 👌👌👌,Its a very good product . its look is amazing and very comfortable for ears . Total value for money and easy to connect to any type of smart phone also i phone . Voice quality of this earbuds is awesome beyond my expectations. I am using this earbuds almost since 2 days and i got very good feedback. Its battery life is very good and charging is too fast. I recommend everyone to purchase as it is totally value for money and very comfortable.,5.0,https://www.amazon.in/gp/customer-reviews/R2EBEBC27JYCA2,Abhishek Kumar Chaurasiya,Reviewed in India on 4 August 2025,1,4 people found this helpful,"[""https://m.media-amazon.com/images/I/61i4D50U9+L.jpg"", ""https://m.media-amazon.com/images/I/71d-NVdZ8qL.jpg"", ""https://m.media-amazon.com/images/I/710cAHoYTaL.jpg""]",2025-11-20T19:13:54.211701
1763666034,	B0F673HNLP,R1IJ9VPSI33JOX,Comfortable but defective,It’s more comfortable than in ear ones. But the product I received was defective. Sometimes Left piece either doesn’t work or plays out of synch. Product replacement help wasn’t provided by the Amazon. Disappointing.,1.0,https://www.amazon.in/gp/customer-reviews/R1IJ9VPSI33JOX,Rachana Saxena,Reviewed in India on 15 November 2025,1,,[],2025-11-20T19:13:54.211720
1763666037,B0DQKY3R84,R29Y6NSXZLNUDO,Nirvana airpods,"The boAt Nirvana X TWS in Cosmic Onyx is an outstanding pair of earbuds that delivers a truly premium audio experience! The Knowles dual drivers and Hi-Res LDAC support produce crisp, detailed sound with deep bass and crystal-clear highs. Spatial audio takes immersion to another level—perfect for music, movies, or gaming. The 4-mic ENx tech ensures excellent call clarity, even in noisy environments. I love the dual pairing feature and seamless app support for customization. Fast charging is super convenient, giving hours of playback in just minutes. The design is sleek and stylish, and they fit comfortably for long listening sessions. Overall, these are top-tier earbuds at an amazing value. Five stars for innovation, sound quality, and style!",5.0,https://www.amazon.in/gp/customer-reviews/R29Y6NSXZLNUDO,Himanshu,Reviewed in India on 25 April 2025,1,7 people found this helpful,"[""https://m.media-amazon.com/images/I/71f-TTWUo9L.jpg"", ""https://m.media-amazon.com/images/I/61HiFAMOTWL.jpg"", ""https://m.media-amazon.com/images/I/71OaL7T9p2L.jpg""]",2025-11-20T19:13:57.027849
1763666037,B0DQKY3R84,R2B61X82WZWM6C,Worth the purchase,Worth the purchase sound quality is great doesn’t disappoint felt light weight and latency is also good does not feel that audio is lagging good for gaming also sound is predictable. Overall nice quality and worth the purchase.,5.0,https://www.amazon.in/gp/customer-reviews/R2B61X82WZWM6C,Parmaik ,Reviewed in India on 14 November 2025,1,,[],2025-11-20T19:13:57.027898
1763666037,B0DQKY3R84,R3BO4NNFFTJHNQ,A LOT OF ISSUES,"To be honest it has been giving really bad experience from the day i bought it. Ihad bought it from Amazon. There are several issues with it. First of all, it has really bad audio quality,and doesn't have bass quality at all. Second, while connecting it to the Boat Hearables app, it doesn't connect the right earbud. So that i cannot control it's features. It also disconnects on its own and could not be able to connect only after a while or an hour. Now, it even gives this crackling sounds while hearing to music. I use my earphones for music and audio only. As an audiophile, i really hated this product. While contacting the Amazon Customer Service, they said that they couldn't return or refund my money. I had contacted them the second day itself after buying. Now it has been more than the 7 days replacement i know but it has been negligence from them when i requested for a replacement that time itself which was early and was eligible for the replacement. I really want this product to be taken from me and given a refund. I would not suggest a replacement now because i don't think this Nirvana Series is good enough. By writing a long paragraph i hope that you could understand my frustration over this earphones.",1.0,https://www.amazon.in/gp/customer-reviews/R3BO4NNFFTJHNQ,Melvin John,Reviewed in India on 2 May 2025,1,10 people found this helpful,"[""https://m.media-amazon.com/images/I/61-SZPRclpL.jpg"", ""https://m.media-amazon.com/images/I/514LEc9clBL.jpg""]",2025-11-20T19:13:57.027926
1763666037,B0DQKY3R84,R1J3EXQVE1IRQ8,Best airdrop,"These boAt Nirvana x are a premium segment earbuds however boat is offering these earbuds in reasonably price. This can do only boat which offers their premium products in budgeted price. These earbuds has 32 dB noise cancellation which helps to more concentrate on your content like songs and calling while travelling. These earbuds are proven as the best earbuds for the professionals as they have to attend a lots of online meetings. The fitting in the ears are proper. The battery life is very amazing and charging time is also not very long, sound clarity is great as you can also connect and control buds with its sensors and use different modes like to have different sound quality like deep base, pure base, normal,etc. You can easily connect it with your mobile and other devices at the same time. Best durable earbuds Highly recommended...!!",5.0,https://www.amazon.in/gp/customer-reviews/R1J3EXQVE1IRQ8,Ranu,Reviewed in India on 20 April 2025,1,One person found this helpful,"[""https://m.media-amazon.com/images/I/31vutbOCVUL.jpg"", ""https://m.media-amazon.com/images/I/41dWS6GpEPL.jpg""]",2025-11-20T19:13:57.027956
1763666037,B0DQKY3R84,R1VI9PYIDOU4LA,Decent and good,"After usage of 10 days, would like to share my experience. Pros: Case and buds design are nice. Calls clarity is really good. Dual pairing and connectivity is good. Sound clarity is good. spatial audio feature for bass lovers and movie lovers and knowles feature is those who want to avoid the bass and enjoy the music. Some features like LDAC, spatial audio, knowles are working good. It has app support, so we can customize the features. Cons: Tws prices is somewhat expensive. Battery is not upto the mark. It consumes more battery if LDAC features is ON. More than one hours if we use, ears will get pain and burning. This tws is purely for audiophiles. Not for normal users.",4.0,https://www.amazon.in/gp/customer-reviews/R1VI9PYIDOU4LA,Dasubabu,Reviewed in India on 18 March 2025,1,9 people found this helpful,"[""https://m.media-amazon.com/images/I/81V1+56sggL.jpg"", ""https://m.media-amazon.com/images/I/71KZricdGDL.jpg"", ""https://m.media-amazon.com/images/I/61SEm9cAP6L.jpg""]",2025-11-20T19:13:57.027978
1763666037,B0DQKY3R84,R3HF70ZWVAVH05,Audiophile Beast,"Nice earphone. Although no Active Noise Cancellation(ANC) present but it's not a very big issue here. Amazing sound quality, crisp and balanced bass, treble and mids. Really astonished that they provide knowles Balanced Armature driver with present equaliser. I'm an audiophile, so it's a good deal for me. LDAC Codec works perfectly. Although it drains lot of energy. A little bulky in size. That's a cons.",5.0,https://www.amazon.in/gp/customer-reviews/R3HF70ZWVAVH05,Dibyendu Sarkar,Reviewed in India on 30 September 2025,1,One person found this helpful,"[""https://m.media-amazon.com/images/I/81LZg8XXc3L.jpg"", ""https://m.media-amazon.com/images/I/81lEFY8hmWL.jpg""]",2025-11-20T19:13:57.027998
1763666037,B0DQKY3R84,R2ZNF47ZHNM64O,"Fine, but not great for the price !!","The media could not be loaded. This is my Nirvana's 2nd purchase in a row from amazon, earlier bought a Nirvana Ion ANC Pro. While Nirvana Ion ANC Pro excels in audio quality & playtime, it had few issues like: -not fit for workouts/running/cycling, keeps slipping-dropping, tried changing bud sizes, no luck.. -slow connections (sometimes as worse as manually redo unpairing-pairing with devices) -super sensitive touch leading to unintended play-pause triggers....confusing Surprisingly, with Nirvana X -audio quality is great (a notch higher than Nirvana Ion ANC in my opinion) -Nirvana X is amazing for workouts/running, it just doesn't slip at all....big wow for that ! -lightening quick bluetooth connections with devices & multi connections -touch controls are smoother BUT also: -Observed few instances where left ear bud went silent for few youtube videos while right side was ok. And it spooked me particularly when at a time i was using the left ear bud 'only' becoz no audio at all, got me looking over for volume controls, relaunching music....putting the bud back to case and waking it up again...retrying -The other day it started working... seems intermittent so i am kind of unsure what may come further !! -battery back-up is a disappointment ! Ran out on me twice after full charge !! Overall, Nirvana X is a good option among others in this segment but in this price it doesn't sound like a deal-breaker",3.0,https://www.amazon.in/gp/customer-reviews/R2ZNF47ZHNM64O,Sagar Sharma,Reviewed in India on 20 June 2025,1,,"[""https://m.media-amazon.com/images/I/51EOLxW+XtL.jpg"", ""https://m.media-amazon.com/images/I/51AyfR1IgcL.jpg"", ""https://m.media-amazon.com/images/I/51I7C3i9DGL.jpg"", ""https://m.media-amazon.com/images/I/61jRn5EO0sL.jpg""]",2025-11-20T19:13:57.028014
1763666039,B0DGV55W2K,R1AO7190ISLS7L,Nice ear plugs,Good quality. Battery life after on charge is about a 4 days. Sound quality is awesome,5.0,https://www.amazon.in/gp/customer-reviews/R1AO7190ISLS7L,Gautam Gupta,Reviewed in India on 27 September 2025,1,,[],2025-11-20T19:13:59.793611
1763666039,B0DGV55W2K,R1RRXKTEGHNB3L,Package is not good,I was really disappointed from the shop when I was open the box I see that it is used by someone person I am very sad from Amazon they make to really care about their customers. The product is good but sad about package and used product by other persons,4.0,https://www.amazon.in/gp/customer-reviews/R1RRXKTEGHNB3L,Mohammadsaif,Reviewed in India on 17 October 2025,1,2 people found this helpful,[],2025-11-20T19:13:59.793625
1763666039,B0DGV55W2K,R1JAFT7V85JK51,My friends complimented the mic quality of this,"Excellent mic quality, that's what I've been hearing from my friends over calls. Decent audio experience I loved these, rarely went out of battery or low battery. There are some issues with connectivity tho, sometimes it'll drop connection if I move more than 4-5m away. The touch sensor on my left side stopped working and I had to get to noise support, issue was resolved they picked up my buds and returned after service with both sides working as they should.",5.0,https://www.amazon.in/gp/customer-reviews/R1JAFT7V85JK51,Aryan Sehgal,Reviewed in India on 1 November 2025,1,,[],2025-11-20T19:13:59.793639
1763666039,B0DGV55W2K,R13LNL4Y5E8F51,"Not worthy unless someone gives you free of cost, Do Not Buy... Waste of Money","The product build quality is not great. The charging box lid is not tight, it easily opens and the earbuds looks good but when you hold it, it looks cheap. Connectivity is fast, as soon as you open a lid the Bluetooth connects easily to the device. It supports dual connectivity but if it is connected to one device then it takes time to connect the second device sometimes it doesn't connect and then you have to unpair or disconnect with the first device. Second issue I observed is after few hours of listening to movies, games and song the right earbud and left earbud were not in sync. I use to hear song in right ear first and then in left ear. Because of this problem I replaced the product but I found this in second product as well so I returned the product. Third thing I didn't like is it's resetting. In manual it is mentioned how to reset the earbuds but it didn't work for me for both times. I even searched on YouTube on how to reset the noise aura earbuds but couldn't find any video particularly for this product. Noise does not provide extra soft earbuds at this price the competitors are providing extra pair. Bass is ok, don't expect much and noise cancellation is also ok, you can hear surrounding voices at home in full volume when listing songs. In traffic or outside if you are on call then other person will hear surrounding sounds Only one thing I loved is the Battery, it is very good. But noise have to work hard on the product development and enhancement. Touch is good not great and not bad as well. It works. Single touch increases or reduces the volume. When you want to use doublenor tripple touch to change the songs etc then it might not work accordingly. It will keep changing volumes. I didn't like this product. I used two products of noise as initially I thought the first product might be defective but same problem I faced with replacement.",1.0,https://www.amazon.in/gp/customer-reviews/R13LNL4Y5E8F51,Placeholder,Reviewed in India on 23 October 2024,1,13 people found this helpful,[],2025-11-20T19:13:59.793653
1763666039,B0DGV55W2K,RRKBECCXW3HI1,Super quality.,Good quality. Best price super. Thank you,5.0,https://www.amazon.in/gp/customer-reviews/RRKBECCXW3HI1, sathish gowda,Reviewed in India on 11 November 2025,1,,"[""https://m.media-amazon.com/images/I/61Bilk5Y9yL.jpg""]",2025-11-20T19:13:59.793692
1763666039,B0DGV55W2K,R1JTP5HP31EPAO,Noise Aura Buds – A Solid Performer at a Great Price,"I’ve been using the Noise Aura Buds since April, and I must say, they’ve been an excellent purchase. Sound Quality: The audio output is impressive — whether I’m listening to music, watching movies, or attending meetings, the sound is always clear and immersive. I rarely have to turn the volume up too high, and the bass feels well-balanced without being overwhelming. Call & Mic Performance: Call quality has been consistently reliable. Voices come through crisp and clear, and even during outdoor calls, the mic captures my voice well without much disturbance. It performs equally well indoors. Comfort & Fit: The earbuds fit comfortably and stay secure even during longer use. No ear fatigue, which is a plus for daily usage. Battery Life: Battery performance is solid. A full charge comfortably lasts through multiple uses across the day without needing to recharge frequently. Dual Pairing Feature: One of my favorite features is dual pairing — being able to connect both my phone and laptop simultaneously is super convenient, especially when I’m switching between calls and media. Verdict: For the price, the Noise Aura Buds deliver great value. With good sound, reliable calls, strong battery life, and added features like dual pairing, it’s a product I’d definitely recommend. Totally worth purchasing.",5.0,https://www.amazon.in/gp/customer-reviews/R1JTP5HP31EPAO,Sourabh Ghosh,Reviewed in India on 18 May 2025,1,11 people found this helpful,[],2025-11-20T19:13:59.793702
1763666042,B0DHHDW7FV,R325NUMP4MDCDO,Best product !!!,"Amazing product. The sound , noise cancelation feature impeccable. Especially at great cost. The design , functionality, everything is too good. The battery life is something I have never seen before. Great purchase !!!",5.0,https://www.amazon.in/gp/customer-reviews/R325NUMP4MDCDO,Abid Khan,Reviewed in India on 8 August 2025,1,3 people found this helpful,[],2025-11-20T19:14:02.356764
1763666042,B0DHHDW7FV,RVWUZXI6IGZQY,worst product from noise,"Product is not good as shown in am facing a connectivity issue I will not automatically disconnect while in case and there is no year sensing birds. They show that if you remove your birds from here, it will sense and it will pass the music or the video that’s not working and they act will never connect with this earbuds. I will never detect the earbuds. There is an issue with that app also I think who are planning to buy this go to JBL. I prefer that I am returning this product and I am going to JBL only.",1.0,https://www.amazon.in/gp/customer-reviews/RVWUZXI6IGZQY,Gowda,Reviewed in India on 9 November 2025,1,One person found this helpful,[],2025-11-20T19:14:02.356791
1763666042,B0DHHDW7FV,R2UV1FW64F7OC,Good earbuds.....,"The design is also good, the sound quality is also good, the battery is also working well, it is not value for money, the ANC function also works well, the sound quality is also balanced.",4.0,https://www.amazon.in/gp/customer-reviews/R2UV1FW64F7OC,Not premium quality,Reviewed in India on 23 August 2025,1,,"[""https://m.media-amazon.com/images/I/61J2L9vmZxL.jpg"", ""https://m.media-amazon.com/images/I/61JTN4dLOAL.jpg""]",2025-11-20T19:14:02.356828
1763666042,B0DHHDW7FV,R246RXFT7EXN1,Noise cancellation is on point,Noise cancellation is on point.,5.0,https://www.amazon.in/gp/customer-reviews/R246RXFT7EXN1,Vignesh Labam,Reviewed in India on 14 November 2025,1,,[],2025-11-20T19:14:02.356852
1763666042,B0DHHDW7FV,R3SHTUPU17P1YB,Pathetic product,The product was defective the right buds discharges very quick. The case does not closes properly due to which the buds do not disconnect. They are not app compatible. The company doesn't even allow a refund they will replace not refund. How to trust them again when they sent first product turned out defective. First product from noise and highly disappointed.,1.0,https://www.amazon.in/gp/customer-reviews/R3SHTUPU17P1YB,Hemant sachwani,Reviewed in India on 12 October 2025,1,One person found this helpful,[],2025-11-20T19:14:02.356868
1763666042,B0DHHDW7FV,R1ASI0IICFEH6C,Vale for money for its ANC,ANC is quite good. It can be felt immediately. Sound quality also quite good. No pain in wearing for long duration. I am able to connect to my laptop and mobile at the same moment i.e. 2 devices simultaneously. Magnet strength good. Light weight.,5.0,https://www.amazon.in/gp/customer-reviews/R1ASI0IICFEH6C,Sudeep Kumar Agarwal,Reviewed in India on 9 May 2025,1,One person found this helpful,[],2025-11-20T19:14:02.356894
1763666042,B0DHHDW7FV,R1L9L1YGZ2WTBN,Excellent,Excellent,5.0,https://www.amazon.in/gp/customer-reviews/R1L9L1YGZ2WTBN,abhishekraj,Reviewed in India on 15 September 2025,1,,[],2025-11-20T19:14:02.356917
1763666042,B0DHHDW7FV,RS2KFIWVFL9TI,Cld be better,Pros The volume on this is really loud and clear as it has 12.4 mm drivers. Looks elegant Excellent ANC Cons Bass cld be better No app support. This is a striking point tht even after spending so much there's no app support when actually they have a app but it's functionality is for the lower version earbuds 6 which is infact 500 cheaper than this one. I don't know the logic behind this. Also voice activated controls are absent.,3.0,https://www.amazon.in/gp/customer-reviews/RS2KFIWVFL9TI,Yash,Reviewed in India on 25 May 2025,1,One person found this helpful,[],2025-11-20T19:14:02.356931
1763710101,	B0DBHD2F5R,R2JJ52RXS4L1DO,Noce,"Recieved the product with no issues. The device is very good and the anc is okay as well. Keep in mind that both the buds and the case is big. Battery like is good as well (8hrs on each bud. Need to charge the case every 1-2 days if you're a heavy user. If you connect via Google quick connect then in the bluetooth settings you can see the battery percentage of each bud. The app is terrible for tablet devices and if you want to change the mode( like from anc mode--> normal mode) when you are using only one earbud, it tells u to connect both buds. Which defeatz the whole purpose of the app because half your controls you wanted to change are on the other earbud. In ear detection is very good Anc mode works well. If you're in a car, the sounds of the road are removed.keep in mind that the anc mostly removes low end so don't expect anything insane",5.0,https://www.amazon.in/gp/customer-reviews/R2JJ52RXS4L1DO,mil,Reviewed in India on 25 February 2025,1,2 people found this helpful,[],2025-11-21T07:28:21.157689
1764168143,B0DGV56J6G,R2771ZQ2XXZMYE,Waste of money on i spented in it....,Very worst customer support and poor of audio and battery backup...only max level volume reach only audio can heared..otherwise not hearing... And very worst there is no app connectivity for this pure pods to customise the sound effects and so on... Even Other brands are giving their app connectivity for an base priced air pods and other devices.... I'm totally frustrated and thinking that why should I bought this... And there is no return and refund on this product .. this makes me very angry on it.... And I don't know where the enc is ? Noise brand you should update urself for good customer feedback back... Pros : audio is okay and that also on max volume only.... Comfort wear Good call quality,1.0,https://www.amazon.in/gp/customer-reviews/R2771ZQ2XXZMYE,B.K.HARIHARAN,Reviewed in India on 21 July 2025,1,37 people found this helpful,[],2025-11-26T14:42:23.084038
1764168143,B0DGV56J6G,R2VA9FFZZO13VO,Useful,The design of these earplugs is technically very good. One can use them continuously for 5 to 6 hours without causing harm to their ears. Voice quality good. I bought this item twice.,5.0,https://www.amazon.in/gp/customer-reviews/R2VA9FFZZO13VO,Parul,Reviewed in India on 23 November 2025,1,,[],2025-11-26T14:42:23.084063
1764168145,	B0DN171184,RPSQ98JYRJZ8A,Best Earbuds,"I always use Boat ear buds. They are the best. Better than Apple AirPods as they go on for days before re-charging needed. Sound quality is very good. 1 star less only because this particular model doesn’t have the battery status feature, which was there in my previous Boat 141 Earbuds. Very happy with Boat otherwise.",4.0,https://www.amazon.in/gp/customer-reviews/RPSQ98JYRJZ8A,Sonia,Reviewed in India on 22 November 2025,1,,"[""https://m.media-amazon.com/images/I/61aEEHwpAPL.jpg""]",2025-11-26T14:42:25.071804
1764168145,	B0DN171184,R24W0QIOP3SL6K,All Unwanted Features!! Dont Buy!!,"I used to earlier use Boat141 earpods, it was an okay product so brought this Boat Nirvana ION earpods, thinking it will be better then Boat 141, but unforunately it is one of the worst earpods i have used. 1. The sound quality was claimed superior, but not much difference in sound quality as compared to Boat 141. 2. There is this feature that turns off the earpods, only way to turn it on again is to put it back in the case and remove it to turn it ON and no feature to disable it (its a painful feature). 3. There is a feature where you remove your earpods from the ears, it pauses the audio (till now its fine) but if you dont put it back on to your ears within 5 seconds, it disconnects the bluetooth and to reconnect you have again remove the case put it back in the case and again put it on to the ears and again connect the bluetooth (so if you are speaking to someone or just remove your earpods hear an announcement in tain and put it back you are gone) . Thankfully they updated the earpods software and gave an optio to disable it. 4. If you switch between two apps like if i am hearing music on amazon music and if switch to amazon prime or facebook and start watching something there and the audio needs to switch, it most of the times disconnects the bluetooth and again you to put it in the case and put it back to connect and many times you have to do this multiple times to connect. 5. If i am travelling and if i tap the earpods to pause or if my hand or someone elses hand touchs my earpods and it pauses audio and disconnects and again to connect back to the phone i have put the earpods back to the case and put it back to connect. 6. If i pause the music on my amazon music app, many times it disconnects the earpods from the phone and again if i have to connect the bluetooth again i have to put it back in the case and again put it back to ears to connect. 7. The touch sensor of the earpods is in between the silver circle on the boat logo which is very sensitive doesnt work incase of a tap and most of the time if i tap and it pauses the audio it also disconnects the earpods and if earpods get disconnected then to connect back i have to put it back to the case and re-connect. 8. Earpods randomly disconnects from the phone and to connect back i have to put it back to the case and reconnect is painful. 9. When i first want to connect the earpods to the phone the bluetooth needs to be first on to be connected if i put the earppods on and then turn on the phone bluetooth it doesnt connect and even in first case where i keep the bluetooth on and then try to connect the earpods it takes multiple attempts to connect the blueetooth to the phone. 10. They have an APP called boat hearables to support the earpods, which pops up whenver I put the earpods on to my ears asking connect the earpods, and when i try to connect the earpods through the APP it trys for 5 minutes and then comes back telling me it cant connect because the phone has not been connected to the bluetooth, so if I have to connect the earpods to the phone manually then only the app will connect to the earpods then why does the APP ask me to connect the earpods to phone when it cannot, when i connect the phone to the earpods manually it should also connect the app to the earpods instead of popping up messages asking to connect the earpods to the APP and then failing to do so. THE EARPODS ARE VERY PAINFULL TO USE, THE BLUETOOTH DISCONNECTS VERY RANDOMLY AND FOR EVERYTHING AND TO RECONNECT PUTTING IT BACK TO THE CASE AND PUTTING IT ON IS PAINFULL TASK CONSIDERING I AND MANY LIKE ME USE THE EARPODS WHILE TRAVELLING IN TRAINS AND METRO AND THERE IS NO FEATURE TO TURN THIS FEATURE OFF.",1.0,https://www.amazon.in/gp/customer-reviews/R24W0QIOP3SL6K,Ninad,Reviewed in India on 27 June 2024,1,146 people found this helpful,"[""https://m.media-amazon.com/images/I/51ijNFuBFgL.jpg""]",2025-11-26T14:42:25.071846
1764168145,	B0DN171184,R2SZIVZITXA1OC,Pure Bliss for the Ears! 🎧,"I have owned these since forever now. The boAt Nirvana Ion absolutely lives up to its name — pure nirvana. The sound quality is rich, the bass hits just right, and the vocals are crystal clear. The battery life feels almost endless, and the dual EQ modes make switching between chill and thump effortless. Super comfortable for long listening sessions, and the connectivity is instant — no drama, no lag. At this price, it’s a steal. The buds do have a tendency of falling off the ear but that's purely a me problem and I am sure its a problem with any TWS worth its sound. The 'kitna deti hai' factor with range is good. It does take me from one room to another with no issues. The build quality, naice! boAt has truly nailed the vibe with this one. Plug in, tune out, and float away. 🚀🎶",5.0,https://www.amazon.in/gp/customer-reviews/R2SZIVZITXA1OC,chi,Reviewed in India on 21 October 2025,1,4 people found this helpful,[],2025-11-26T14:42:25.071960
1764168145,	B0DN171184,R1MWF0BQQHHCOB,Sound is very low,Design ok sound is very low after 2 months I am facing blutooth connectivity issues and disconnect problem also charging is good weekly one time is good product quality and price little bit high,3.0,https://www.amazon.in/gp/customer-reviews/R1MWF0BQQHHCOB,DASARI JOHN BABU,Reviewed in India on 27 October 2025,1,One person found this helpful,[],2025-11-26T14:42:25.072001
1764168149,	B0DBHD2F5R,R1CNA2R8XIUCGU,Excellent earebuds,"Very attractive, beautiful sound quality, comfortable fit. Worth buying",5.0,https://www.amazon.in/gp/customer-reviews/R1CNA2R8XIUCGU,PRASANNA Hendre,Reviewed in India on 3 October 2025,1,,[],2025-11-26T14:42:29.449585
1764168149,	B0DBHD2F5R,R2CZUFIVLYL0IA,Niravana ivy boat,"Nice earbuds to use , nice sound quality and Anc works fine",5.0,https://www.amazon.in/gp/customer-reviews/R2CZUFIVLYL0IA,Lakshya upaddhyay,Reviewed in India on 29 April 2025,1,One person found this helpful,[],2025-11-26T14:42:29.449602
1764168149,	B0DBHD2F5R,R6HRKVYL615A8,Worst product,"Unfortunately, I made the mistake of trusting this product. The brand boasts about being the best Indian brand, but that couldn’t be further from the truth. They slap high-end terms like “ANC” and “SPATIAL” on their products, but it’s all just marketing gimmicks. The so-called ANC is an absolute joke—you can hear every little sound around you, making the feature completely useless. To make things even worse, their app is poorly designed. Not everyone wears both earphones at the same time, and I often use just one, but the app doesn't even support that. As a result, the sound quality becomes unbearably bad. It’s frustrating beyond words. The biggest regret? I didn’t just buy one—I bought two of these useless products. Both have turned out to be a complete waste of money. The sound is terrible, the features are non-functional, and the brand clearly has no intention of delivering quality. All they care about is making money while fooling customers with false claims. This isn’t just the worst TWS I’ve ever used—it’s the worst purchase I’ve ever made.",1.0,https://www.amazon.in/gp/customer-reviews/R6HRKVYL615A8,Yash Tripathi,Reviewed in India on 27 February 2025,1,2 people found this helpful,[],2025-11-26T14:42:29.449614
1764168149,	B0DBHD2F5R,RJ91D46HL8BV1,Good product,Good product,4.0,https://www.amazon.in/gp/customer-reviews/RJ91D46HL8BV1,Shekhar M.,Reviewed in India on 17 October 2025,1,,[],2025-11-26T14:42:29.449641
1764401669,	B0DN171184,R3DNIJYD9XQO2Q,Good product,"Nice product but it has no multiple connectivity so I had to switch between devices which may sometimes show connectivity problems, Otherwise good experience|No multy conectivitt|good sound quality|good charging capacity|",4.0,https://www.amazon.in/gp/customer-reviews/R3DNIJYD9XQO2Q,Athul,Reviewed in India on 24 November 2025,1,One person found this helpful,[],2025-11-29T07:34:29.980871
1764401669,	B0DN171184,RR3S9JVDTR9BD,exilent,"The quality of the mic is very good and apart from this the vocal sound and bass are all top class, absolutely the best, I would say that this is the best product.",5.0,https://www.amazon.in/gp/customer-reviews/RR3S9JVDTR9BD,Jay kumar,Reviewed in India on 24 November 2025,1,,"[""https://m.media-amazon.com/images/I/61KinJP1I4L.jpg""]",2025-11-29T07:34:29.980902
1764401669,	B0DN171184,RWHWTOPHVIMG3,Overall good,Using it from almost 10 months now. It was really impressive in the starting but after 3 months the battery isn't going so well . But overall a good purchase but sometimes it automatically gets off and on,3.0,https://www.amazon.in/gp/customer-reviews/RWHWTOPHVIMG3,Akshi ,Reviewed in India on 17 November 2025,1,,[],2025-11-29T07:34:29.980924
1764401672,B0DHH96NBB,RR2DV1P97YBJ3,Affordable price with ANC,"Affordable price with ANC & better audio quality - only thing is, when you take off from one ear, the content stops...",4.0,https://www.amazon.in/gp/customer-reviews/RR2DV1P97YBJ3,Amazon Customer,Reviewed in India on 16 August 2025,1,,[],2025-11-29T07:34:32.340865
1764401675,	B0DBHD2F5R,R1L5I2PNOIM5T6,Not yet low quality product,Recived products Not expecting quality Plastic case very low quality,1.0,https://www.amazon.in/gp/customer-reviews/R1L5I2PNOIM5T6,alert500,Reviewed in India on 6 November 2025,1,,"[""https://m.media-amazon.com/images/I/61kMmP5CkWL.jpg""]",2025-11-29T07:34:35.301168
1764401675,	B0DBHD2F5R,R28BT1JH5O01BZ,"Good product, experience too good, dolby sound effects much better","Good product, design 💯 After one year good experience",4.0,https://www.amazon.in/gp/customer-reviews/R28BT1JH5O01BZ,Kulwinder Singh,Reviewed in India on 24 November 2025,1,,"[""https://m.media-amazon.com/images/I/71-XHE3TZTL.jpg""]",2025-11-29T07:34:35.301193
1764401677,	B0F673HNLP,R21VZ60YQKYGX9,Sound quality very poort.,"Very bad product, please please not purchase.",1.0,https://www.amazon.in/gp/customer-reviews/R21VZ60YQKYGX9,Rohit Rally,Reviewed in India on 15 November 2025,1,,[],2025-11-29T07:34:37.515922
1764401684,B0DHHDW7FV,RR2DV1P97YBJ3,Affordable price with ANC,"Affordable price with ANC & better audio quality - only thing is, when you take off from one ear, the content stops...",4.0,https://www.amazon.in/gp/customer-reviews/RR2DV1P97YBJ3,Amazon Customer,Reviewed in India on 16 August 2025,1,,[],2025-11-29T07:34:44.904539
1764773074,B0DXPL5XHF,R6L94DKVVXTR9,Entry level premium segment from boAt.,"It's been a month using Zenith pro, average fitting and ANC is good, calls are average, Sound quality is subjective, In my experience it's good and performs Great using Spatial mode. Battery backup is on point. Need to improve in call sounding like a call ends from second person, it doesn't make any sound and it would be better if touch sounds are provided, it's not there. Premium look and stem design. Average bass. Need reworks in bass and in-app custom EQ's. Overall it's a bit okeishh and I brought it for 3k, now the price may vary. Not worth for 3k but you can buy it when it drops.",4.0,https://www.amazon.in/gp/customer-reviews/R6L94DKVVXTR9,Deepak,Reviewed in India on 23 November 2025,1,,[],2025-12-03T14:44:34.352943
1764773084,	B0DN171184,R1DJJ6RCL1DO9L,Outstanding quality and value for money,"This is definitely good product. I was been using JBL previously bought from Canada. I saw the price of this product lower than JBL. I purchased with an intention to use short term expecting this will not last long. But I now after using for 4 months, I can say this product is top quality than JBL eventhough price is low. Best value for money.",5.0,https://www.amazon.in/gp/customer-reviews/R1DJJ6RCL1DO9L,aneesh sasi raghavan,Reviewed in India on 29 November 2025,1,,[],2025-12-03T14:44:44.869757
1764773096,	B0DBHD2F5R,RBPENUZL1ZL39,Not a premium product and no returns/refund,"This is a public service announcement. Boat doesnt return/refund this product unless it's faulty. In my case, left side seemed to not work intermittently and the buds despite using the smallest buds were painful for my ears. However amazon does not provide a return option on the product and redirects you to boat. Boat meanwhile has a not very friendly user interface to raise issues with your product. They only take the product to technically check your device for faults and does not entertain the satisfaction of the customer. Despite raising the issue on the day of the delivery and giving back a pristine product for the check. They refused to understand that this product can't be used by me due to the ill fitting nature of the buds. A loss of 3k. And honestly not worth it. As you can see from the pictures. The plastic seems cheap and lacks finish. As does the default sounds on pairing up, it is loud and harsh and impervious to volume control. Music plays fine. The features are otherwise as mentioned. But as a customer. The service and lack of clarity on return/refund is infuriating and honestly not something to uphold by a company that prides itself on the Indian market. I believe that a product if it can't be returned should mention that in their policy. The reply from customer service is that return/refund is not mentioned therefore not provided. Obfuscating isn't an answer my corporates. Sincerely, frustrated customer.",1.0,https://www.amazon.in/gp/customer-reviews/RBPENUZL1ZL39,shwetha,Reviewed in India on 29 December 2024,1,51 people found this helpful,"[""https://m.media-amazon.com/images/I/613jgi9NL9L.jpg"", ""https://m.media-amazon.com/images/I/61ncAvXDQFL.jpg""]",2025-12-03T14:44:56.483468
1764773096,	B0DBHD2F5R,RB4AZYDFQAS57,Value for money,"Value for money I’ve been using these earphones for a few days now and I’m genuinely impressed. The sound quality is crisp, with clear highs and deep bass. They’re super comfortable to wear even for long hours, and the build quality feels solid. The mic also works well during calls—no complaints there. For the price, this is a great deal. Totally satisfied with my purchase and would definitely recommend these to anyone looking for a reliable pair of earphones!",5.0,https://www.amazon.in/gp/customer-reviews/RB4AZYDFQAS57,Sumit Chitte,Reviewed in India on 14 June 2025,1,One person found this helpful,"[""https://m.media-amazon.com/images/I/61bjUnqF1cL.jpg"", ""https://m.media-amazon.com/images/I/61pVfCKxbDL.jpg""]",2025-12-03T14:44:56.483504
1764773102,	B0F673HNLP,R8CZAKDAL1QZQ,DO NOT BUY!!! Worst product. Worst Support!,"Product was delivered on the next day. Packaging was good and the Air Clips looked very vey premium. Was very excited to use it. Alas! When you connect your mobile and wear these on your ears, your hands keep reaching your mobile to increase volume. Drastically low volume (even if it is set at highest level). Amazon does not support as there is no damage. Was asked to contact Noise support. Upon contacting them and explaining the troubleshooting steps, The agent asked me to fill out a form when calling ""Complaint Registration"". She said that it might take a total of 16 Days for a resolution as they will take it to the Service center and then diagnose and later fix it. Had filled this form about 4 Hrs ago and am still waiting on the shipment instructions! What's more- All this on the day of delivery and Amazon does not support this anymore as it is not damaged and seem to be a hardware issue. over 10 years as an ardent Amazon customer to see this kind of ""Shrug away"" attitude for a loyal customer! Never every buy this product. One will repent for the money spent, Time wasted and the agony of lack of support!",1.0,https://www.amazon.in/gp/customer-reviews/R8CZAKDAL1QZQ,Deepak R,Reviewed in India on 4 August 2025,1,49 people found this helpful,[],2025-12-03T14:45:02.158776
1764773102,	B0F673HNLP,R3OUBKHUD1MN23,Good,"It has superior bass and the build quality is superb. The battery time is also quite good and gives playback time for 2 days straight. I have tried it on streets and in the office as well, the voice is audible to the other person and does not have difficulty in hearing.It is sturdy and anti slip because of the rubber grip in the ear. Great earpods.. and very affordable. 💯✅",5.0,https://www.amazon.in/gp/customer-reviews/R3OUBKHUD1MN23,Jesus,Reviewed in India on 9 August 2025,1,,"[""https://m.media-amazon.com/images/I/51BMmvXT5IL.jpg""]",2025-12-03T14:45:02.158831
1764773107,B0DQKY3R84,R1UD0H22IOKOIW,Horrible,"Comparably to oneplus for same price range. It has terrible battery life for both ear buds and case. This was my first purchase of boat. Now i got it ..its a whitelable product probably might cost 500rs or so and boat is reselling them at such price. My suggestion go with One plus for same range. 1.Battery life - For Ear Buds, its hardly 3hr at 80% volume. With 2200 Oneplus, it usually was 6hrs atleast. 2. Battery life - For Case, the case only can charge buds two times and it goes zero. Comparably with ome plus for 2200rs i was able to charge 4times. 3. It has terrible audio mic, means you cant take calls outside as receiver will not be able to listen you. Only good thing is that its size is comfortable with men ears. My suggestion is go with oneplus if you have 2000-3000 budget. Dont waste your money on Boat. In reality its just a 500rs chinese product being resold to indian market. If you have to purchase chinese product then go for a better one. Other pro thing is that it charges quickly but has terrible retention rate.",1.0,https://www.amazon.in/gp/customer-reviews/R1UD0H22IOKOIW,Jagdeep Singh,Reviewed in India on 8 June 2025,1,4 people found this helpful,[],2025-12-03T14:45:07.205978
1764773107,B0DQKY3R84,R1F75ACEUKFP92,Worthy Earbuds for Audio Lovers – Great Value for Money!,"I’ve been using the boAt Nirvana X for a while now, and I must say, these are solid earbuds for the price I paid (bought for ₹2299 with coupon and bank discount during first sale) Audio Quality: Even though there's no ANC, the audio quality more than makes up for it. The Knowles tuning is a game-changer – far better than the default signature sound. If you're into clear vocals and balanced sound, you'll love it. LDAC support is a bonus, especially if you're listening to high-bitrate tracks – the difference is noticeable! Battery & Comfort: Battery life is impressive and easily lasts through long sessions. The case is slightly bulky with a boxy design, and the earbuds themselves are a bit large, but they’re still quite comfortable and fit well in the ears. Features: Dual pairing works smoothly, and switching between devices is convenient. No connection issues so far. Overall, if you're an audio enthusiast looking for great sound and features like LDAC and dual pairing (and can live without ANC), these are totally worth it at this price!",5.0,https://www.amazon.in/gp/customer-reviews/R1F75ACEUKFP92,Adithya Tech,Reviewed in India on 16 April 2025,1,4 people found this helpful,"[""https://m.media-amazon.com/images/I/61GIT7BnctL.jpg"", ""https://m.media-amazon.com/images/I/61waMjeIiFL.jpg"", ""https://m.media-amazon.com/images/I/61Tc0DBJF0L.jpg""]",2025-12-03T14:45:07.206007
1765006461,B0DXPL5XHF,R20DZHS3GF49K6,Bass is good,Good quality,3.0,https://www.amazon.in/gp/customer-reviews/R20DZHS3GF49K6,Siddhant singh,Reviewed in India on 23 November 2025,1,,[],2025-12-06T07:34:21.598872
1765006466,B0DGV56J6G,RWTAVKYZJMWZT,Good product,Good product,5.0,https://www.amazon.in/gp/customer-reviews/RWTAVKYZJMWZT,Deboshree kar,Reviewed in India on 1 December 2025,1,,[],2025-12-06T07:34:26.279545
1765006466,B0DGV56J6G,R2BK5LU77XDJVL,Scam…,"Scam. I recently purchased a product that seemed to be a knockoff or imitation of the Huawei freeclip which is around 13000rs. Unfortunately, within just the first three days of use, one of the two units stopped working completely. I attempted to contact Amazon for support, but I was informed that the item is non-returnable, and so far I haven’t received any helpful response or resolution from their end. This has left me in a very frustrating position. I spent my hard-earned money on a product that failed almost immediately, and now I feel stuck with a defective item and no clear way to get support. The listing did not make it clear that the product was non-returnable, nor did it provide any accessible information about how to claim a warranty from the manufacturer — if one even exists. At this point, I just want to know how I can get help — either through a warranty claim or some kind of replacement or refund process. It’s disappointing to experience this kind of service, especially when all I did was trust the product listing and make a good-faith purchase.",1.0,https://www.amazon.in/gp/customer-reviews/R2BK5LU77XDJVL,Mjb,Reviewed in India on 10 June 2025,1,24 people found this helpful,"[""https://m.media-amazon.com/images/I/81wxFV1dERL.jpg""]",2025-12-06T07:34:26.279562
1765006471,	B0DN171184,RL7M4BXKSO412,"Good, efficient,Worth of Money","Nice quality, worth of money, good base quality and you don't need to worry about the lifetime of this. Not like other brands (like Mivi, as I purchase them and even after handling with so much care it stop working. For which I need to send it for repair , using for 1 months and sending for repair 2 times). This is good I using this for much time.",5.0,https://www.amazon.in/gp/customer-reviews/RL7M4BXKSO412,Max,Reviewed in India on 2 December 2025,1,,[],2025-12-06T07:34:31.625712
1765006481,	B0DBHD2F5R,R2SLU2FFQIBSH3,Good quality,good product,5.0,https://www.amazon.in/gp/customer-reviews/R2SLU2FFQIBSH3,Abhinav,Reviewed in India on 27 November 2025,1,,[],2025-12-06T07:34:41.524545
1765006486,	B0F673HNLP,R3HRMZL11PWAUX,Very disappointed with the purchase 😞 #Purchase #Disappointment #Shopping,"Alright, the fit's okay. I had the Huawei FreeClip before, and these Noise Clip 2s feel a bit bigger and different. They seem kinda bulky compared to the FreeClips, which are, like, 11k more on sale, but they're light enough to wear for a while. I wanted clip-on OWS because I wear glasses and have small ears. Other OWS styles don't work with glasses or hurt my ears. Here's what's good: 1. They're light on my ears. Fit is good enough for my small ears 2. The battery's good, lasting about 5 1/2 hours. 3. The case feels light. 4. Call quality is manageable. Only tried it at home.. Here's what's not so good: 1. They feel like cheap plastic for 3.2k. 2. The volume is super low. That's the biggest issue, defeats the purpose of buds. I also have Truke Liberty OWS, which cost less than half the price. Truke sounds better and louder. I'm really bummed about the sound on the Noise Clip 2. It makes me regret buying them. They sound okay inside the house, where it's quiet (people can easily hear what is playing). You can barely hear anything if people are talking around you. Outside, they're pretty useless. You can barely hear anything, even at full volume. 3. No app from Noise. For 3.2k, they should have basic settings through an app. 4. The gesture controls are weird. Triple tap to play/pause, double tap to answer/end. The gestures are glitchy. They work sometimes, but sometimes you have to try multiple times. I have Truke liberty Ows, tozo ows and huawei freeclips. Based on my experience with other premium, mid range and entry level ows this is a disappointing buy. I expected at least decent performance for the price. I was busy with other things and missed the return window. Now my 3k is down the drain.",2.0,https://www.amazon.in/gp/customer-reviews/R3HRMZL11PWAUX,Phani Tej,Reviewed in India on 8 August 2025,1,4 people found this helpful,"[""https://m.media-amazon.com/images/I/61k50XQyfOL.jpg""]",2025-12-06T07:34:46.366690
1765377933,B0DXPL5XHF,R1CWEVTF6IXW74,Looking premium,"First Impressions When I received the product and opened the packet, it gave a premium feel. The look and design are really good. 🎵 Sound Quality For music, the clarity is top-notch—you can distinctly hear every instrument. However, the bass feels a little less, especially for mass songs, which I usually enjoy. 📞 Call Quality During calls, the other person couldn’t hear me properly. It’s manageable, but this part still needs further testing. 🎧 Product Issue Unfortunately, I faced an issue where only one earbud worked. I tried resetting, cleaning, fully charging, and even checking in the hearable app, but the left earbud was not showing up. 🔄 Resolution I’ve placed a replacement request and am waiting for the new product to arrive.",3.0,https://www.amazon.in/gp/customer-reviews/R1CWEVTF6IXW74,chandresh,Reviewed in India on 26 September 2025,1,One person found this helpful,[],2025-12-10T14:45:33.261773
1765377945,	B0DBHD2F5R,R2MN91HAAM959W,Download Boat Hearables app from play store to manage it's features,"Quality of product is excellent , sound is clear , it has many modes which will boost your listening experience. We can use Google Assistant ( Gemini ) after just clicking once at airpod after selecting it from app , Gemini listens everything clearly. It's Active noise cancellation is good and it's overall features are great.",5.0,https://www.amazon.in/gp/customer-reviews/R2MN91HAAM959W,ISHMEET SINGH BINDRA,Reviewed in India on 5 December 2025,1,,[],2025-12-10T14:45:45.794118
1765611459,B0DXPL5XHF,R3VTI6WWL938MV,Good Product but ANC and ergnomics could have been better,"I’ve been using the Zenith Boat Nirvana Pro for some time now. The battery life is excellent both for the earbuds and the case— I can easily go through multiple days on a single charge. The earbuds have a very comfortable and secure fit, making them great for long listening sessions. Touch controls are responsive and pretty easy to operate. Voice calling quality is also very good, with clear audio on both ends, making it great for work calls or chats on the go. However, the ANC performance is below expectations. It hardly makes a noticeable difference in noisy environments. The charging case could also be more user-friendly. Putting the earbuds back in isn’t intuitive, and I still need to look carefully to align them properly into the case. Overall, the Boat Nirvana Pro is a solid product for comfort and battery, but for a more premium experience, consider brands like Realme or Skullcandy — they tend to offer stronger noise cancellation and more refined ergonomics.",3.0,https://www.amazon.in/gp/customer-reviews/R3VTI6WWL938MV,Amazon Customer,Reviewed in India on 9 December 2025,1,One person found this helpful,[],2025-12-13T07:37:39.451923
1765611459,B0DXPL5XHF,R1TVVT8FXNNIX1,Very nice music and very nice deep bass Good quality nice product,Very nice music and very nice deep bass Good quality nice product .😍😍,5.0,https://www.amazon.in/gp/customer-reviews/R1TVVT8FXNNIX1,Asaraf Molla,Reviewed in India on 26 November 2025,1,One person found this helpful,"[""https://m.media-amazon.com/images/I/81M7W5QknjL.jpg"", ""https://m.media-amazon.com/images/I/71qo4p+0DDL.jpg"", ""https://m.media-amazon.com/images/I/71qo4p+0DDL.jpg""]",2025-12-13T07:37:39.451968
1765611475,	B0DBHD2F5R,R136ZP40LSH3LE,Boat earphone,Very good product and quality is very good and voice quality is very good,5.0,https://www.amazon.in/gp/customer-reviews/R136ZP40LSH3LE,ram,Reviewed in India on 6 December 2025,1,,[],2025-12-13T07:37:55.084239
1765611475,	B0DBHD2F5R,R10UWZOO69LUQU,Battery dressing issues blutooth connection issues,"Waste of money. Within a year of use, it has lot of issues like bluetooth connection, quick draining of batteries, not comfortable in ear.. false easily",1.0,https://www.amazon.in/gp/customer-reviews/R10UWZOO69LUQU,dhirendra kr.,Reviewed in India on 28 November 2025,1,,[],2025-12-13T07:37:55.084283
1765982735,B0DXPL5XHF,R19H9S9JZ4LI5K,NOT AT ALL RECOMMENDED AS THERE IS NO HELP TO CUSTOMER FROM AMAZON OR BOAT WITHIN THE RETURN WINDOW,"The sound is ok. The worst part of this is the service from Boat. I purchased it exactly 4 days back and when I try to sink my Zenith Pro to Boat Hearables application 75% of the times my Zenith Pro is not even being recognised another 25% of the times its being recognised and when I try to connect it, its not getting connected and shows different trouble shooting steps like charge earphones, keep it near by your device etc etc which is already being done. After multiple attempts as it is not getting connected & as it is within the return / replacement window I contacted Amazon for assistance and they were like I need to contact brand only even during the return window period. As Amazon doesn’t help us I went to the manufacturer(Boat) for assistance and when I reached out to their service center and explained them the problem they heard everything tried from their end and even they were not able to connect it. Now to my shocker they ask me to come back to the service center after the return window is closed as they cannot do anything within the return window. They wants me to come once the return window in Amazon closes that is when they can look into the issue. So here if Boat & Amazon cannot help the customer within the 7 days replacement / return window why do we even have that window mentioned? If they remove it then I can directly get it serviced from Boat. Now I am at a point where my new ear phones are not getting connected but I am unable to do anything rather than just waiting for return window to close on Amazon so that I can try my luck with service center. AGAIN NOT SURE ON WHAT RESOLUTION THE SERVICE CENTER PROVIDES ME AFTER THE RETURN WINDOW. So a sincere suggestion to all the people who are thinking of buying it IT’S A BIG NO AS BOTH AMAZON & BOAT TEAMS DOESN’T HELP THE CUSTOMER. Also it is not at all worth the price. Price drops ₹300-₹400 within 2 days of purchasing it.",1.0,https://www.amazon.in/gp/customer-reviews/R19H9S9JZ4LI5K,B S Srujan,Reviewed in India on 30 October 2025,1,6 people found this helpful,[],2025-12-17T14:45:35.914735
1765982735,B0DXPL5XHF,R3VTPZG2ZKVZ5S,Amazing product,"The design looks great, the quality is excellent, and it feels premium. On top of that, the price is very reasonable. Definitely a great value for money. Highly recommended.",5.0,https://www.amazon.in/gp/customer-reviews/R3VTPZG2ZKVZ5S,Ashitha,Reviewed in India on 3 December 2025,1,,[],2025-12-17T14:45:35.914824
1765982739,B0DGV56J6G,R13M5DPE8LFDTX,Good for long audio purpose,"This has decent skins quality and not for music lovers. But it has great quality, that we can wear this for his together for calls, movies or any long audio purpose. Doesn't feel uncomfortable. It has very good call quality, the road noise or any surrounding noise will not be transferred.",4.0,https://www.amazon.in/gp/customer-reviews/R13M5DPE8LFDTX,Guruprasad,Reviewed in India on 7 August 2025,1,,[],2025-12-17T14:45:39.310078
1765982739,B0DGV56J6G,RKPW307EBGO8F,Waste of money don't buy,"Honest review, Totally waste of money, no musice quality, no bass even not good for calling outside in traffic they just label the product ENC but it doesn't work. And that neckband is.......I don't understand why they give. Without neckband it was more comfortable. This is my first experience with noise but now I feels that I wasted my money. And the good thing is there is no return and exchange policy so if you don't like you have to keep it and look that product day by day and think were you wasted your money. THIS IS NOT EXPECTED BY NOISE. I receive that product on 4 oct still it was at my home in the box not using .",1.0,https://www.amazon.in/gp/customer-reviews/RKPW307EBGO8F,Gary Sunny,Reviewed in India on 7 October 2025,1,7 people found this helpful,[],2025-12-17T14:45:39.310098
1765982742,	B0DN171184,R373NOIZJ9ZI0Y,Excellent Sound Quality & Battery – Totally Worth It!,"I’ve been using the boAt Nirvana Ion ANC Pro earbuds for some time now, and I’m genuinely impressed with the overall performance. The sound quality is outstanding, especially with Hi-Res Audio and LDAC support. The bass is deep and punchy without overpowering the mids and vocals, and the clarity is excellent for music, movies, and calls. Active Noise Cancellation (ANC) works really well and significantly reduces background noise, making it perfect for travel and office use. One of the biggest highlights is the battery life. With the case, it easily lasts for days, and the fast charging feature is very convenient when you’re in a hurry. Bluetooth connectivity (v5.3) is quick and stable, with no noticeable lag. The boAt app support is a great addition — you can customize EQ settings and controls as per your preference. Call quality is also good, with clear voice pickup from the mic. The Rose Quartz color looks premium and stylish, and the earbuds feel comfortable even during long usage. Overall, this is a great value-for-money product with premium features like ANC, LDAC, long battery life, and app support. Highly recommended for anyone looking for high-quality TWS earbuds in this range. ✅ Pros: - Excellent sound quality (Hi-Res + LDAC) - Effective ANC - Long battery life with fast charging - Stable Bluetooth connectivity - Stylish design & comfortable fit 💯 Would definitely recommend!",5.0,https://www.amazon.in/gp/customer-reviews/R373NOIZJ9ZI0Y,Ratikanta Nayak,Reviewed in India on 14 December 2025,1,,[],2025-12-17T14:45:42.864544
1765982754,	B0F673HNLP,R26VG6LPXQEYVX,Sound issue,"Having some sound issue, submitted to noice customer service, lets see problem will resolve or not",1.0,https://www.amazon.in/gp/customer-reviews/R26VG6LPXQEYVX,Sheetal,Reviewed in India on 7 December 2025,1,,[],2025-12-17T14:45:54.152230
1765982754,	B0F673HNLP,R2UKXN2INAOHO4,"Stupid product, it's simply not working.",Worst Experience ever n don't know why M not getting any support as well. I have got this product today ie. on 12Nov25 for 3k n today only it's audio is not working n M not getting any support as well. Just my Money got waisted with in a minutes. I want to return or replace but no support. Will use as paper weight no other options.,1.0,https://www.amazon.in/gp/customer-reviews/R2UKXN2INAOHO4,Amazon Customer,Reviewed in India on 12 November 2025,1,One person found this helpful,[],2025-12-17T14:45:54.152248
1765982754,	B0F673HNLP,R2MPT184W5Q2BA,Very low volume due to the left bud not working,"The look, feel and comfort is good but the sound quality is very poor. The left bud has very low volume and makes the experience very low key. Impossible to hear in crowded places.",3.0,https://www.amazon.in/gp/customer-reviews/R2MPT184W5Q2BA,harshala sonar,Reviewed in India on 12 December 2025,1,,[],2025-12-17T14:45:54.152263
1765982762,B0DGV55W2K,R137TIWGME92KI,Best in This Price Range,"We Purchased 3Qty. of This EarBuds for Gifting in 2024 and all Ear Buds are excellent , working perfectly Fine till Now Battery Life is awesome , ENC Technology inbuilt",5.0,https://www.amazon.in/gp/customer-reviews/R137TIWGME92KI,Shiva Shukla,Reviewed in India on 11 December 2025,1,,[],2025-12-17T14:46:02.700695
1765982762,B0DGV55W2K,RDJHIYK31RCUQ,Great for the price. Dual pairing is awesome.,"One of the best TWS in this range. Been using it for 11 months, no functional issues yet. Durability is also great as I dropped it around 20 times till now. Sound quality is balanced with good bass, treble and instrument separation. Battery was quite less than advertised from the 1st day, still battery of buds and case is holding up good. Generally, I get 2 full days of medium usage. Charging is fast for both buds and case. Using the buds is also very easy and convenient with easy to understand controls. Touch quality is 90% times precious. Mic quality is good for indoor and not that clear outdoor. The silver lining is dual pairing. Works seamlessly on any 2 connected devices. Buds call ring is light and pleasant unlike other buds, which have very harsh rings, I used in past. Overall, if you get it around Rs.1000, go for it, highly recommended.",4.0,https://www.amazon.in/gp/customer-reviews/RDJHIYK31RCUQ,Asif Shaikh,Reviewed in India on 16 August 2025,1,One person found this helpful,[],2025-12-17T14:46:02.700713
1765982762,B0DGV55W2K,R1YSG9JI1EP7P9,value for money,"1.Advanced ANC & Super Hearing With Active Noise Cancellation up to 32 dB, plus a Transparency (Super Hearing) mode, these earbuds offer versatile audio environments—from immersive quiet to environmental awareness. 2. Excellent Battery Life & Fast Charging Delivers up to 50 hours of total playback, including the case. A quick 10-minute charge provides 150 minutes of use, thanks to Instacharge technology. 3. Feature-Rich Smart Experience Voice Control (Bragi-powered): Hands-free commands like “ANC on” or volume adjustments without needing an internet connection. Smart Customization: Use the Noise BudsLink App to tweak EQ, customize touch gestures, and manage playback preferences. Ultra-Low Latency & Multipoint: Ideal for gamers with ~50 ms lag and supports connecting multiple devices simultaneously. Smart Pickups: In‑ear detection auto-pauses playback; Fast Mute and Sidetone features simplify call Seamless Pairing: Includes Google Fast Pair for quick Android pairing. 4. Sound & Build Equipped with 12.4 mm dynamic drivers, they deliver crisp audio with pronounced bass. IPX5 rating ensures durability against sweat and light rain. Lightweight, ergonomic design with rounded stems provides a comfortable fit. Affordable Value Priced around ₹2,500–₹2,999, they offer an impressive suite of features at a budget-friendly tier. Points to Note Support & Quality Control Certain user reviews flagged issues with noise cancellation amplifying external sounds, especially near moving air or fans, coupled with underwhelming after-sales support. Audio Codec Clarity No explicit mention of support for advanced codecs like aptX or LDAC, which might matter for audiophiles. Build Quality Unknowns While the design seems solid, specific details like battery cell capacity remain undisclosed. The Noise Air Buds 6 offer a compelling blend of features—best-in-class ANC for the price, long battery life, quick charging, voice control, and rich customization. At around ₹3K, they stand out for delivering flagship-like capabilities at a budget.",3.0,https://www.amazon.in/gp/customer-reviews/R1YSG9JI1EP7P9,shaik ishaq,Reviewed in India on 8 August 2025,1,2 people found this helpful,"[""https://m.media-amazon.com/images/I/71-wsYsoA2L.jpg"", ""https://m.media-amazon.com/images/I/81N8OF1bGGL.jpg"", ""https://m.media-amazon.com/images/I/717rxJHCcHL.jpg"", ""https://m.media-amazon.com/images/I/71f0OdWlRtL.jpg"", ""https://m.media-amazon.com/images/I/81Xv9ACC54L.jpg"", ""https://m.media-amazon.com/images/I/81accNPlLyL.jpg"", ""https://m.media-amazon.com/images/I/71lab8UbokL.jpg""]",2025-12-17T14:46:02.700739
1766216125,B0DXPL5XHF,R1FHOI433S5RI9,"Good one, go for it.",Great sound quality and comfortable fit. Battery life is excellent and worth the price,5.0,https://www.amazon.in/gp/customer-reviews/R1FHOI433S5RI9,melbin,Reviewed in India on 17 December 2025,1,,[],2025-12-20T07:35:25.852278
1766216125,B0DXPL5XHF,R2WEESWTL1CL6L,If you want best feauture and good experience in affordable price,I love it . Anc work great and ambinent mode can help you to listen music in public without worry of accident.. its give many features in that price range and provide a best experience . Spatial mode is best for watch movie give great experience. And long battery life i dont need to worry charge again and again. I highly recommend it for best experience in that price range,5.0,https://www.amazon.in/gp/customer-reviews/R2WEESWTL1CL6L,Yuvraj,Reviewed in India on 17 December 2025,1,,[],2025-12-20T07:35:25.852294
1766216125,B0DXPL5XHF,R1P35Z5P9RYCE,Every must buy..budget friendly,"The media could not be loaded. Very very super product..boat heareable app also very super ,that app have more specification and more options. Sound capacity also as same like a apple airpod 2nd generation.",5.0,https://www.amazon.in/gp/customer-reviews/R1P35Z5P9RYCE,Shahul hameed,Reviewed in India on 14 December 2025,1,,"[""https://m.media-amazon.com/images/I/61kEWOnqS-L.jpg"", ""https://m.media-amazon.com/images/I/6180I4zOG3L.jpg"", ""https://m.media-amazon.com/images/I/61-8Ig7T3AL.jpg""]",2025-12-20T07:35:25.852315
1766216125,B0DXPL5XHF,R1WBKUP35ID84Q,Good product but not up to mark as advertised.,"Review after 1 month of usage. It have different modes- normal, ambient, special and noice cancellation. Good acitve noise cancellation, but it couldn't catch my voice clearly when I talk slowly. Good battery but not as promised as upto 80hrs. When i put it side it disconnect & don't reconnect automatically, we have to put it in the case back to get it connect again. Sometimes it gives me headache with noice cancellation 😄 Overall a good product but a bit expensive.",4.0,https://www.amazon.in/gp/customer-reviews/R1WBKUP35ID84Q,Pragyan V.,Reviewed in India on 6 November 2025,1,One person found this helpful,"[""https://m.media-amazon.com/images/I/61hs-XOuQ1L.jpg""]",2025-12-20T07:35:25.852330
1766216136,B0DHH96NBB,R3F9O6BKMMJOWL,Good,"Good Quality, but no supported app",4.0,https://www.amazon.in/gp/customer-reviews/R3F9O6BKMMJOWL,Jophin Joseph,Reviewed in India on 27 November 2025,1,,[],2025-12-20T07:35:36.113294
1766216136,B0DHH96NBB,R2141551K9XVCY,Utter waste of money,"Ive previously used noise, but that was awesome and this is just a pice of weak fragile material. Instead of buying this crap just go with realme guys. I've ordered this one and only the sound quality is good, but whenever you try to pair only one bud connects and the other doesn't turn on, even if it turns on the battery will be very low and in simple words it'd really be irritating to use this product. And in addition to that you will also be able to return the item that easily. They only assist with a system generated message and this is just an utter waste of money. If products like this exists in Amazon, we'd have to boycott amazon I guess.",1.0,https://www.amazon.in/gp/customer-reviews/R2141551K9XVCY,Kishore,Reviewed in India on 12 November 2025,1,,[],2025-12-20T07:35:36.113309
1766216142,	B0F673HNLP,R2QRHNDUJE63EE,Its very comfortable n awesome product,Wonderful experience n good quality n sound quality was nice n affordable price,5.0,https://www.amazon.in/gp/customer-reviews/R2QRHNDUJE63EE,navika,Reviewed in India on 15 December 2025,1,,[],2025-12-20T07:35:42.906300
1766216153,B0DHHDW7FV,R3F9O6BKMMJOWL,Good,"Good Quality, but no supported app",4.0,https://www.amazon.in/gp/customer-reviews/R3F9O6BKMMJOWL,Jophin Joseph,Reviewed in India on 27 November 2025,1,,[],2025-12-20T07:35:53.239204
1766216153,B0DHHDW7FV,R2141551K9XVCY,Utter waste of money,"Ive previously used noise, but that was awesome and this is just a pice of weak fragile material. Instead of buying this crap just go with realme guys. I've ordered this one and only the sound quality is good, but whenever you try to pair only one bud connects and the other doesn't turn on, even if it turns on the battery will be very low and in simple words it'd really be irritating to use this product. And in addition to that you will also be able to return the item that easily. They only assist with a system generated message and this is just an utter waste of money. If products like this exists in Amazon, we'd have to boycott amazon I guess.",1.0,https://www.amazon.in/gp/customer-reviews/R2141551K9XVCY,Kishore,Reviewed in India on 12 November 2025,1,,[],2025-12-20T07:35:53.239219
1766587244,B0DXPL5XHF,R3BI7L5836FIXM,Value for money,"Premium packing, quality is ok, can customize earphone controls, light weight, spatial audio and anc is good for this price range but not excellent.mic quality is also crisp and clear, we can configure sound settings according to our hearing, adaptive eq is the best thing in this product.",4.0,https://www.amazon.in/gp/customer-reviews/R3BI7L5836FIXM,Hariprasad,Reviewed in India on 13 December 2025,1,,"[""https://m.media-amazon.com/images/I/71wnU0E3o5L.jpg"", ""https://m.media-amazon.com/images/I/71x+ocCNGsL.jpg""]",2025-12-24T14:40:44.513489
1766587244,B0DXPL5XHF,R155FKPX1OVMFI,Nice 👌,Value for money go for it 👌amazing sound,4.0,https://www.amazon.in/gp/customer-reviews/R155FKPX1OVMFI,aadil junaid khan,Reviewed in India on 12 December 2025,1,,[],2025-12-24T14:40:44.513509
1766587244,B0DXPL5XHF,R2KXDRPJI26DDO,Very bad,Very bad quality. Very bad sound quality. Noice cancellation is zero!!!.,5.0,https://www.amazon.in/gp/customer-reviews/R2KXDRPJI26DDO,Alan,Reviewed in India on 20 December 2025,1,,[],2025-12-24T14:40:44.513534
1766587251,	B0DN171184,RTJNKHB5DFMIZ,Excellent,The product was really awesome. It’s battery life is really good and it works non stop without needing to charge again and again and its noise cancellation feature is also really great and helps a lot in noisy environments. All in all the product is really great and worthy for the price I paid for it,4.0,https://www.amazon.in/gp/customer-reviews/RTJNKHB5DFMIZ,Dibyajyoti d.,Reviewed in India on 13 December 2025,1,One person found this helpful,[],2025-12-24T14:40:51.579897
1766587261,	B0F673HNLP,R27R7UN83GR2RU,Convenient and Durable,Incredibly convenient to use and causes no irritation whatsoever. Just that the sound is not loud and will not be very effective in crowded places.,5.0,https://www.amazon.in/gp/customer-reviews/R27R7UN83GR2RU,Animesh Jha,Reviewed in India on 18 December 2025,1,,[],2025-12-24T14:41:01.321609
1766587268,B0DGV55W2K,R6HI06B1A3UW8,Airbuds,Best Quality of Sound and perfect ear fitting and Value of money product. Best Airbuds.,5.0,https://www.amazon.in/gp/customer-reviews/R6HI06B1A3UW8,Gauri Singh,Reviewed in India on 17 December 2025,1,,[],2025-12-24T14:41:08.052767
1766587268,B0DGV55W2K,R2J5VL01RLKDL0,Noise was good,Overall quality was good,4.0,https://www.amazon.in/gp/customer-reviews/R2J5VL01RLKDL0,Navin kumar,Reviewed in India on 20 December 2025,1,,[],2025-12-24T14:41:08.052781
1766587268,B0DGV55W2K,R3KK0W4VHERBLY,Good quality,"Compared to other noise quality missing,hear design in this not fit, overall noise it's good compared to other brands",3.0,https://www.amazon.in/gp/customer-reviews/R3KK0W4VHERBLY,Karthik,Reviewed in India on 30 September 2025,1,,[],2025-12-24T14:41:08.052791
1766821025,B0DGV56J6G,R3GTM87RUD23QS,Very good bluetooth headphones,Excellent product in handset models and,5.0,https://www.amazon.in/gp/customer-reviews/R3GTM87RUD23QS,Padmavathi,Reviewed in India on 24 December 2025,1,,[],2025-12-27T07:37:05.977073
1766821029,	B0DN171184,R3FYOFQUGTET3C,Weight and comfortable is not good,"Sound is good and battery backup is good but this earbuds is very weighty so they gave pain in ears and don't comfortable i think this earbuds not fit in my ear, call quality is good, noise cancellation is poor, and headset quality is good",3.0,https://www.amazon.in/gp/customer-reviews/R3FYOFQUGTET3C,Prince Bharti,Reviewed in India on 23 December 2025,1,,"[""https://m.media-amazon.com/images/I/61qlFgbSGNL.jpg"", ""https://m.media-amazon.com/images/I/61lyEmrgWRL.jpg""]",2025-12-27T07:37:09.534051
1766821032,B0DHH96NBB,R3L4JUYKFCLEZL,Everything is ok,Cinematic sound quality. Very Good product,5.0,https://www.amazon.in/gp/customer-reviews/R3L4JUYKFCLEZL,Bubai mondal,Reviewed in India on 25 December 2025,1,,[],2025-12-27T07:37:12.902462
1766821036,	B0DBHD2F5R,RPB0IK8PBRAI3,Yess i m soo impressive,Good product and vary good quietly good sound quality good anc mod good batter,5.0,https://www.amazon.in/gp/customer-reviews/RPB0IK8PBRAI3,Ajaz Memon,Reviewed in India on 23 December 2025,1,,"[""https://m.media-amazon.com/images/I/71ucDzXypuL.jpg"", ""https://m.media-amazon.com/images/I/619DZTKyEjL.jpg""]",2025-12-27T07:37:16.048417
1766821049,B0DHHDW7FV,R3L4JUYKFCLEZL,Everything is ok,Cinematic sound quality. Very Good product,5.0,https://www.amazon.in/gp/customer-reviews/R3L4JUYKFCLEZL,Bubai mondal,Reviewed in India on 25 December 2025,1,,[],2025-12-27T07:37:29.582915
1767192067,B0DXPL5XHF,R1FW3UOOQGSMP2,Affordable and amazing,"This headset is awesome, the sound quality and noise cancellation feature is the best thing I love about this product",4.0,https://www.amazon.in/gp/customer-reviews/R1FW3UOOQGSMP2,Suneel Ponnamudi,Reviewed in India on 29 December 2025,1,,[],2025-12-31T14:41:07.493843
1767192067,B0DXPL5XHF,R2Q0U4YF0S16FL,Looks are great 👍,It's a Grate product with good sound quality,5.0,https://www.amazon.in/gp/customer-reviews/R2Q0U4YF0S16FL,Khoustab,Reviewed in India on 19 December 2025,1,,[],2025-12-31T14:41:07.493860
1767192067,B0DXPL5XHF,R1BLRXT8TOH6CD,Perfection.,"Great product.Honestly speaking it's perfect.Though I did have some issues regarding compatibility with devices as old as 2018,That caused me no issues.The weight is absolutely perfect.The mic quality combined with it's small size makes for great music",5.0,https://www.amazon.in/gp/customer-reviews/R1BLRXT8TOH6CD,sivaprasad kuniredd,Reviewed in India on 19 December 2025,1,One person found this helpful,"[""https://m.media-amazon.com/images/I/71rhQKvHx-L.jpg""]",2025-12-31T14:41:07.493878
1767192085,	B0F673HNLP,R1S8L8MM2I7J9O,Return should be available. Or sound quality should be High.,Sound quality very low as per the value of product. Very difficult to hear both in public places and within room. Waste to buy and no return available. Even not confir table to ear. Not fit,1.0,https://www.amazon.in/gp/customer-reviews/R1S8L8MM2I7J9O,Aniket Revankar,Reviewed in India on 22 December 2025,1,,[],2025-12-31T14:41:25.325647
1767192088,B0DQKY3R84,RYRENBFSF3R0P,Low Bass,Bass is too low. Not recommended for music lovers,1.0,https://www.amazon.in/gp/customer-reviews/RYRENBFSF3R0P,Sarvesh,Reviewed in India on 26 December 2025,1,,[],2025-12-31T14:41:28.997831
1767425867,	B0DN171184,R3ENKWY2IC20LI,Overall good product ANC works prity good but not that great.,"The product is good and I got in good condition. Sounds also good but ANC doesn't work nice it's below average, the price of the product should be less than 1.5k. Overall I can say good product if you are a music lover and content watcher just go for it.",4.0,https://www.amazon.in/gp/customer-reviews/R3ENKWY2IC20LI,Vishal,Reviewed in India on 29 December 2025,1,,"[""https://m.media-amazon.com/images/I/51uLAIXBlnL.jpg"", ""https://m.media-amazon.com/images/I/51ox1Ig-w2L.jpg""]",2026-01-03T07:37:47.004196
1767425873,	B0DBHD2F5R,RBF1JL5UZ81DN,Value for money,Good product,5.0,https://www.amazon.in/gp/customer-reviews/RBF1JL5UZ81DN,Raftaar ansari ,Reviewed in India on 28 December 2025,1,,"[""https://m.media-amazon.com/images/I/61DYF-jgAwL.jpg"", ""https://m.media-amazon.com/images/I/611Zmps+IZL.jpg"", ""https://m.media-amazon.com/images/I/51xy6UMdNeL.jpg""]",2026-01-03T07:37:53.776890
1767797207,B0DXPL5XHF,R3PKBTY8M5TNAJ,"My best TWS so far. Balance sound, good bass, superb clarity. ANC as promised.","My best TWS so far. Balance sound, good bass, superb clarity. ANC as promised.",5.0,https://www.amazon.in/gp/customer-reviews/R3PKBTY8M5TNAJ,Ashok S.,Reviewed in India on 31 December 2025,1,,[],2026-01-07T14:46:47.995370
1767797207,B0DXPL5XHF,R23JY423Z5W4HG,Sound 👍,Good 👍,5.0,https://www.amazon.in/gp/customer-reviews/R23JY423Z5W4HG,Kajeem Husain,Reviewed in India on 30 December 2025,1,,[],2026-01-07T14:46:47.995387
1767797214,	B0DN171184,R1UKK8M5T9BP3U,"Nirvana ion (no ANC) - ""Premium line-up"" for people who don't know premium","Build quality: Does look premium with a matte finish, if showing off is your thing. But then again, who TF shows off boAt? Not resistant to finger prints, smudges, dust and scratches. In fact, might actually be a magnet for all these. Would much prefer if instead of one giant indicator there were multiple tiny ones to better represent the charge status. The hinge doesn't feel very satisfying but for this price range it won't break at least. So 4/5 for build quality and apperance. Fit: The buds are super light doesn't even feel like I'm wearing them. They do fit super nicely inside the ears and feel comfortable even after long time usage. Don't come off during eating, laughing or working out etc. The fit is even better than some of the much pricier earbuds I have used. 5/5 for comfort and fit. Battery life: This shouldn't even be a question. That's literally the selling point of these things. One fully charged case will last you a week even if with heavy usage. This thing is literally a beast when compared to most other (even premium TWSs) when it comes to battery life. Fully charged earbuds last for about 16-18 hours on full volume. On 50%, about 20 hours. The charging cable is big fxxcking joke tho! It would make most guys feel confident about their junk. It's not even small, it's frickin' tiny bruh. 5/5 for battery life. Other features: The in-ear detection works fine, but will pause whatever is playing in both buds even if you just remove one side. There's no ""find my device"" option in the app. The app is super basic too and the equaliser is trash. The touch sensors don't always work for some reason. Don't play games so no idea about the ""beast"" mode. There is no multi point connectivity either. 3.5/5 for features, could be a little better even at this price range. Portability: Pretty light and small. A bit heavier than other earbuds thanks to the massive battery it's flexing. If battery life, portability and aversion to wires are you thing, go for it. No rating here, cause well, portability is THE thing of wireless earbuds. Mic: Better call quality compared to its competitors at a similar price range. It ain't crystal clear but it will get the job done, at least as long as you're somewhere quietER. 3.5 outta 5 for call quality. The extra .5 just for comparative improvement. Now the most important thing, SOUND QUALITY: If you're gonna wonder about fidelity and accuracy, don't even bother. You won't find those in Bluetooth earbuds. Get some IEMs or premium headphones for that. But coming back to Nirvana ion, in the past I have used boAt's wired earphones and I did like them tbh. However, having used IEMs like Truthear and KZ, I feel like these just barely improve the sound quality a little more than the stock earphones. For a beginner they still might sound good tho. Just don't go in with too much expectations cause well, you get what you pay for. I wouldn't be this harsh, but the fact that this is supposed to be a premium line up is triggering tf out of me. Coming back from the unnecessary rant, the overall sound has a warm tone. Won't tire your ears with the tinny treble. Does have a V-shaped sound signature, as in the bass is emphasised more than the mids and the highs. However the bass ain't super nice either, it's like they just thought bass equals to louder thumping. Works a bit better on classical instruments compared to JBL. However, if you're a bass guy this ain't it. Leaves a lot to be desired. 3/5 for sound quality. Kinda disappointed. Overall? Much better than OnePlus r2, kinda like realme t110 and not as good as Oppo enco. My suggestion? Add a bit more and just go for JBL. Those guys know indeed know sound and bass. If you're an avid music listener and don't mind wires, just go for a decent wired IEM. Might as well purchase an external DAC if you've got that extra green paper 😂 Also, do yourself a favor and switch from Spotify to Apple music. Ik, off topic, but you'll thank me.",3.0,https://www.amazon.in/gp/customer-reviews/R1UKK8M5T9BP3U,Ayush,Reviewed in India on 30 July 2024,1,39 people found this helpful,[],2026-01-07T14:46:54.799108
1767797221,	B0DBHD2F5R,R1N1J1AEOH1EWY,Best quality,Really nice sound product,5.0,https://www.amazon.in/gp/customer-reviews/R1N1J1AEOH1EWY,Anup chaturvedi,Reviewed in India on 4 January 2026,1,,[],2026-01-07T14:47:01.842903
1767797221,	B0DBHD2F5R,R2X2USS27IRNDU,Value For Money,Good Sound Quality Bass Connectivity Mics,5.0,https://www.amazon.in/gp/customer-reviews/R2X2USS27IRNDU,Sharukhansari,Reviewed in India on 3 January 2026,1,,[],2026-01-07T14:47:01.842917
1767797229,B0DQKY3R84,R2JQOE30KC08FB,Must Buy !!,"I am absolutely loving these wireless earphones, its honestly an amazing product. The sound quality is superb and with extremely good bass. It also have spatial audio and beast mode support and the build quality feels really premium. They are extremely comfortable to wear in long excercise and workout sessions. It fits well in ear and does not come out during running or cardio. They are also very pocket friendly and totally value for money. I also Loved the way you can even customize the controls through their app for modes and touch controls anytime. Battery life is great too. Overall these earphones are a must have for everyone.",5.0,https://www.amazon.in/gp/customer-reviews/R2JQOE30KC08FB,Shubham Sinha,Reviewed in India on 18 April 2025,1,One person found this helpful,"[""https://m.media-amazon.com/images/I/71YJl9MYgLL.jpg"", ""https://m.media-amazon.com/images/I/71k2KZAGXNL.jpg"", ""https://m.media-amazon.com/images/I/71Og4BmV2-L.jpg"", ""https://m.media-amazon.com/images/I/71uPQ3OOneL.jpg""]",2026-01-07T14:47:09.679259
1768030624,B0DXPL5XHF,R25ZEVMEUNBI41,Good sound quality,Good sound quality using for my meetings working fine for past 4 months Good battery life as well,5.0,https://www.amazon.in/gp/customer-reviews/R25ZEVMEUNBI41,Ajas M M,Reviewed in India on 7 January 2026,1,,[],2026-01-10T07:37:04.732175
1768030624,B0DXPL5XHF,R216G1XR1J3TI9,Nivarana zenith pro is good. Value for money,It’s good blue tooth connectivity is nice. Mic quality is excellent. It’s comfortable to keep to the ears. No ear pain. Connecting to multiple phones easily. Only one issue is on wearing and removing the helmet buds are falling.,5.0,https://www.amazon.in/gp/customer-reviews/R216G1XR1J3TI9,P N S Srinivas,Reviewed in India on 6 January 2026,1,,[],2026-01-10T07:37:04.732191
1768030624,B0DXPL5XHF,R1INCY8TC67FIO,Good Product.,The product is good. Good battery life. ANC mode works perfectly. The only problem I face is thatbit come out of the ear whilebeating or chewing a gum. Even the pause and play starts on its own when I eat food. Maybe the sensors work when the ear muscles move during eating.,5.0,https://www.amazon.in/gp/customer-reviews/R1INCY8TC67FIO,Kapil,Reviewed in India on 5 January 2026,1,,[],2026-01-10T07:37:04.732210
1768030628,B0DGV56J6G,RDLBBHP9CNJPA,"Very good quality open ear, daily use earphones.","Best fit, nice sound, open ear, very much satisfied",5.0,https://www.amazon.in/gp/customer-reviews/RDLBBHP9CNJPA,ANOOP,Reviewed in India on 8 January 2026,1,,[],2026-01-10T07:37:08.201308
1768030631,	B0DN171184,R1UJ9IKGXLQF95,Sound Quality and build Quality is Good,Good product. Ho for it. Value for money . Super voice quality and best noise cancellation.,4.0,https://www.amazon.in/gp/customer-reviews/R1UJ9IKGXLQF95,Aman,Reviewed in India on 5 January 2026,1,,[],2026-01-10T07:37:11.611465
1768030635,B0DHH96NBB,R10CK0I7KRVQ36,Good quality,"Good bass , vocals are very smooth and clear, connectivity is so Good and most importan app support in not working",4.0,https://www.amazon.in/gp/customer-reviews/R10CK0I7KRVQ36,ANKUR YADAV,Reviewed in India on 4 January 2026,1,,"[""https://m.media-amazon.com/images/I/819iEHC4KyL.jpg"", ""https://m.media-amazon.com/images/I/812i2-laB0L.jpg""]",2026-01-10T07:37:15.324979
1768030652,B0DHHDW7FV,R10CK0I7KRVQ36,Good quality,"Good bass , vocals are very smooth and clear, connectivity is so Good and most importan app support in not working",4.0,https://www.amazon.in/gp/customer-reviews/R10CK0I7KRVQ36,ANKUR YADAV,Reviewed in India on 4 January 2026,1,,"[""https://m.media-amazon.com/images/I/819iEHC4KyL.jpg"", ""https://m.media-amazon.com/images/I/812i2-laB0L.jpg""]",2026-01-10T07:37:32.114831
1768402102,B0DXPL5XHF,R3VPXCQKR1H13Z,Boat's best ever,"This boat earphones have completely turned me around. The most balanced sound quality and the best sound stage I have ever heard in this budget. I would dare say it beats even Realme and One plus buds in this budget. A truly outstanding product. I never thought I would be saying this for a boat product, but here goes 🤞",5.0,https://www.amazon.in/gp/customer-reviews/R3VPXCQKR1H13Z,Param,Reviewed in India on 8 January 2026,1,,[],2026-01-14T14:48:22.397372
1768402102,B0DXPL5XHF,RC1DLVL1JDLGC,Exellent,It's sound amazing and quality are exelent,5.0,https://www.amazon.in/gp/customer-reviews/RC1DLVL1JDLGC,himratna p.,Reviewed in India on 8 January 2026,1,,[],2026-01-14T14:48:22.397395
1768402105,B0DGV56J6G,R3AZEL4AV5J91O,Worth Buying it,"It fits to the ear waterproof, stylish to use. Cluetooth connectivity is high it connects immediately and is compatible with Laptop, and Phones. The sound quality, is great, but not for the music lovers. It is great for people who want to avoid the conversation, and listen light music for relxation. Battery backup could have been more better. Drawback: Very Delicate, so handle with care, it breaks if given a little bit of pressure regularly. It is worth buying for people who are lisght music lover, not the beats lover, because the ear peice will not go inside the ears, so no beats, but over all worth buying it. I have tried other brands too, as per the price the features and output is good.",3.0,https://www.amazon.in/gp/customer-reviews/R3AZEL4AV5J91O,A Buyer,Reviewed in India on 20 July 2025,1,2 people found this helpful,[],2026-01-14T14:48:25.889211
1768402111,B0DHH96NBB,R2NADA3G7HVGUA,It's not connect in google fast pairing,It's not connect in google fast pairing and it's battery is not stay for 50 hour total play time &sound quality is normal &build quality is normal not good,3.0,https://www.amazon.in/gp/customer-reviews/R2NADA3G7HVGUA,Dilshad Raja,Reviewed in India on 23 December 2025,1,,[],2026-01-14T14:48:31.723205
1768402111,B0DHH96NBB,R3ECBX6KVWVH6N,Read this if you wish to compare wired earphones with air buds.,"Bass :- Perfect for bass lovers no need to worry. It performs well decent bass in which you won't lose out in details. 9/10 Gaming :- I'd say for normal gaming it's okay comparing from wired headphones the latency was bothering me so I'd give 7/10 for gaming. Touch sensors :- they are little delay to perform but you would get used to it 8/10 Movies :- Amazing for watching movies the spatial audio feature is amazing something new I've experienced 9/10 Noise cancelling :- It does decent noise cancel makes you enjoy music better 8/10 Mic :- Audio quality is very good even though you're in public or in traffic 9/10. (OVER ALL - I'm really happy to switch from wired headphones to this one, I love music, bass movies and gaming. And it gives out a satisfactory performance 9/10)",4.0,https://www.amazon.in/gp/customer-reviews/R3ECBX6KVWVH6N,kailash gour,Reviewed in India on 24 April 2025,1,8 people found this helpful,"[""https://m.media-amazon.com/images/I/710vfGbDrIL.jpg"", ""https://m.media-amazon.com/images/I/71ee4l6z75L.jpg""]",2026-01-14T14:48:31.723224
1768402120,B0DQKY3R84,R18629GFSV13ZJ,Nirvana with a touch of Retro!!!,"I’ve been using the Boat Nirvana TWS earbuds for about few days now, and overall, I’m impressed. The design is sleek, compact and retro. It's easy to carry and comfortable for long listening sessions. Sound Quality: The audio is well-balanced with clear mids and highs. The bass is punchy enough with Hi-Res Sound. It's enhances the listening experience. Battery Life: Battery life is great! Comfort & Fit: They fit snugly and don’t fall out easily, even during workouts. Connectivity: Pairing is quick and seamless. I didn’t experience any drops or latency while watching videos or taking calls. Extras: Call quality is top notch. The ENC and ANC works superbly. Final Verdict: For the price, the bOat Nirvana deliver excellent value. If you’re an audiophile, you will get surprised by the quality!! Must recommended!!",5.0,https://www.amazon.in/gp/customer-reviews/R18629GFSV13ZJ,samrat halder,Reviewed in India on 15 April 2025,1,3 people found this helpful,"[""https://m.media-amazon.com/images/I/61d2j6kKbKL.jpg"", ""https://m.media-amazon.com/images/I/6141+W-FVyL.jpg"", ""https://m.media-amazon.com/images/I/61F0cKUqTZL.jpg"", ""https://m.media-amazon.com/images/I/61+u3JlnzVL.jpg"", ""https://m.media-amazon.com/images/I/51T-79zMg8L.jpg""]",2026-01-14T14:48:40.867753
1768402127,B0DHHDW7FV,R2NADA3G7HVGUA,It's not connect in google fast pairing,It's not connect in google fast pairing and it's battery is not stay for 50 hour total play time &sound quality is normal &build quality is normal not good,3.0,https://www.amazon.in/gp/customer-reviews/R2NADA3G7HVGUA,Dilshad Raja,Reviewed in India on 23 December 2025,1,,[],2026-01-14T14:48:47.409062
1768402127,B0DHHDW7FV,R3ECBX6KVWVH6N,Read this if you wish to compare wired earphones with air buds.,"Bass :- Perfect for bass lovers no need to worry. It performs well decent bass in which you won't lose out in details. 9/10 Gaming :- I'd say for normal gaming it's okay comparing from wired headphones the latency was bothering me so I'd give 7/10 for gaming. Touch sensors :- they are little delay to perform but you would get used to it 8/10 Movies :- Amazing for watching movies the spatial audio feature is amazing something new I've experienced 9/10 Noise cancelling :- It does decent noise cancel makes you enjoy music better 8/10 Mic :- Audio quality is very good even though you're in public or in traffic 9/10. (OVER ALL - I'm really happy to switch from wired headphones to this one, I love music, bass movies and gaming. And it gives out a satisfactory performance 9/10)",4.0,https://www.amazon.in/gp/customer-reviews/R3ECBX6KVWVH6N,kailash gour,Reviewed in India on 24 April 2025,1,8 people found this helpful,"[""https://m.media-amazon.com/images/I/710vfGbDrIL.jpg"", ""https://m.media-amazon.com/images/I/71ee4l6z75L.jpg""]",2026-01-14T14:48:47.409079
1768635439,B0DXPL5XHF,ROWWX3IAR067S,Best sound,Best product and sound,5.0,https://www.amazon.in/gp/customer-reviews/ROWWX3IAR067S,Akshay ramani,Reviewed in India on 9 January 2026,1,,[],2026-01-17T07:37:19.460400
1768635453,	B0DBHD2F5R,RG1NPQKH7KWZH,Worth it | premium,Best experience ever 🙂. Very premium packaging. Very clear sound. Overall it was a worth it product.,5.0,https://www.amazon.in/gp/customer-reviews/RG1NPQKH7KWZH,Divyansh,Reviewed in India on 13 January 2026,1,,[],2026-01-17T07:37:33.515407
1768635456,	B0F673HNLP,R22PH1R88L8SKC,Great For Relaxation Music,"Pros: - Absolutely great for relaxation music. If you listen to relaxation music/movie ost in a quiet environment the AirClips2 is great. It doesn't close the ear canal and is comfortable for long term listening. I also have a Samsung Galaxy Buds Live which is over-the-ear type but I prefer the AirClips2 for relaxation music and movie ost as I find the Galaxy Buds uncomfortable for long term listening. - Probably great for ear health as it is open ear and the volume even at max is not too much or harsh. The sound stage is on the softer side. - Easy to wear and fits comfortably. It stays in place whether I am sitting or lying on the bed, never had to adjust it to keep it in place. - The trebles and vocals are quite good. - No need to install any software, works out of the box. - Max volume is adequate. Cons: - The bass is lacking, so can't enjoy pop music, etc. Watching movies is also disappointing due to the lack of bass. When I tried to increase the bass with equalizer the speaker started to distort. - Not good in noisy environments. The outside noise drowns the sound from the earbuds. Overall, I really like this open ear design. If only the bass was better, this would have been a perfect open-earbuds for all types of content but in it's current form it's only good for casual listening like relaxation music, watching youtube, etc.",4.0,https://www.amazon.in/gp/customer-reviews/R22PH1R88L8SKC,Raj,Reviewed in India on 12 January 2026,1,One person found this helpful,[],2026-01-17T07:37:36.704981
1768635456,	B0F673HNLP,RIHZ6CO6O058L,Total fail product,Total fail not working I want to replace But no response from company In this order amezan image is dameged If this product will not replace I will never Use amezan,1.0,https://www.amazon.in/gp/customer-reviews/RIHZ6CO6O058L,Ajit singh,Reviewed in India on 2 January 2026,1,,[],2026-01-17T07:37:36.705013
1769007256,B0DXPL5XHF,R2D5Q3ZT8MKC6E,See My Review Before Purchasing This Ear Buds,Good Sound Quality.. Good Size & Comfort On Ear and also fit ..Battery Life is good .. Touch Control Good .. Good Compatibility & Good Build Quality.. Anc & Spatial Sound Is Very Good.. In This Price Point This Is Good Ear Buds .. Very Good Customer Support BoAt .. This Ear Buds Is My Favourite Earbuds..,5.0,https://www.amazon.in/gp/customer-reviews/R2D5Q3ZT8MKC6E,Rimon Alam ,Reviewed in India on 14 January 2026,1,3 people found this helpful,"[""https://m.media-amazon.com/images/I/71OU-sZtepL.jpg""]",2026-01-21T14:54:16.173427
1769007260,B0DGV56J6G,R1HP8LVMM2NRZ8,Does the job,"Just received it. Colour is a little more ‘green’ than I expected. Pairs easily, comfortable and does the job. Good sound quality. Will late review with battery time and issues if any. After a few months of use. I find it comfortable that it’s ows and buds don’t go into my ear but this has its own cons. Sound is not the loudest if you’re using this in public, let’s say a crowded/ noisy street for example or in traffic. Also the operation of the touch controls could’ve been made much better.",4.0,https://www.amazon.in/gp/customer-reviews/R1HP8LVMM2NRZ8,Aysha,Reviewed in India on 15 June 2025,1,One person found this helpful,"[""https://m.media-amazon.com/images/I/71mtPniOmXL.jpg"", ""https://m.media-amazon.com/images/I/71IbInbjvqL.jpg""]",2026-01-21T14:54:20.173129
1769007260,B0DGV56J6G,R1HMNQ343VN5EE,Very Disappointing Product,"Returns are not possible, which is extremely frustrating. Customer service is very poor and not helpful at all. ENC was advertised and offered, but in reality it is not available or does not work as claimed. This product does not function like an earbud at all—it feels more like a small Bluetooth speaker placed in the ear. Sound leaks heavily and there is no proper noise isolation. I do not recommend this product for anyone who actually needs earbuds. It may only be suitable for someone looking for a speaker in this price range, not personal audio earbuds. Overall, very disappointed with the product and the support.",1.0,https://www.amazon.in/gp/customer-reviews/R1HMNQ343VN5EE,Jyothis,Reviewed in India on 16 January 2026,1,,[],2026-01-21T14:54:20.173154
1769240280,B0DXPL5XHF,R3CXOGTS1E5PXQ,Excellent choice,Excellent design Excellent mic quality Very good sound Value for money Amazing fit,5.0,https://www.amazon.in/gp/customer-reviews/R3CXOGTS1E5PXQ,Sougata Das,Reviewed in India on 20 January 2026,1,,[],2026-01-24T07:38:00.036347
1769240286,	B0DN171184,R1J31NSJOQ4CKL,Dissatisfactory after 10 months!,"Purchased in March 2025 and today is Jan 19th i am writing this review nearly after using for 10 months! The product was good at the start when I purchased! Nice audio quality, excellent features, the product was brilliant. Im a runner so I usually dont use both the buds but only use of 1 ear either left or right! Mostly left! so the case was taken care by me and never fell but slowly slowly the right bud stopped working and now it is not working at all, I used everything whatever was written in the manual but it didn't work! Now Im bearing this issue! Nevertheless for the ones who want to use it for 6 months it is agood purchase! Go ahead but if for a longer duration invest in earbuds which cost more than 2000!",3.0,https://www.amazon.in/gp/customer-reviews/R1J31NSJOQ4CKL,Kunal kanaujiya,Reviewed in India on 19 January 2026,1,,[],2026-01-24T07:38:06.862921
1769240292,	B0DBHD2F5R,R1CK3XAO22GX3V,Amazing product 👏🏻👏🏻👏🏻,Amazing product and battery life will excellent 👌🏻💯,5.0,https://www.amazon.in/gp/customer-reviews/R1CK3XAO22GX3V,Gokul,Reviewed in India on 19 January 2026,1,,[],2026-01-24T07:38:12.818336
1769240298,B0DQKY3R84,R2FO33QLO7DTMH,"""Premium Sound and Features at a Great Price!""","The boAt Nirvana X TWS earbuds are a fantastic new launch! The Knowles dual drivers deliver crystal-clear sound with rich bass, and LDAC Hi-Res Audio truly elevates the listening experience. I love the spatial audio feature—it’s immersive and perfect for movies or gaming. The boAt Hearables app support is handy for customization, and the 4-mic ENx setup ensures excellent call quality. Dual pairing works flawlessly, and fast charging keeps me going all day. The Cosmic Onyx design looks sleek and premium. Overall, a powerful package for audiophiles and casual users alike. Highly recommended for the price!",5.0,https://www.amazon.in/gp/customer-reviews/R2FO33QLO7DTMH,Kiran S,Reviewed in India on 12 April 2025,1,One person found this helpful,[],2026-01-24T07:38:18.941327
1769612252,B0DGV56J6G,R1I4L41RWFP2MD,Sound quality poor,"It’s the worst earphones I have ever purchased….sound quality is horrible and moreover the fit is super uncomfortable. Most disappointing is Amazon is allowing only replacement not return. I want to return the product….received yesterday on 23rd January 2026…though the app is mentioning return or replacement is possible till 2nd February, I am unable to place order for return",1.0,https://www.amazon.in/gp/customer-reviews/R1I4L41RWFP2MD,sharmistha sardar,Reviewed in India on 23 January 2026,1,One person found this helpful,[],2026-01-28T14:57:32.812610
1769612256,	B0DN171184,R36J5OO09HGC7R,boat nirvana ion 6,"I recently purchased the boAt Nirvana Ion ANC headphones, and honestly, I am very satisfied with them. The battery backup and sound quality are especially impressive. I usually use a combination of ANC and normal mode, and with a single full charge, I am getting up to 15 days of battery backup. Of course, this may vary depending on individual usage. The sound quality is very clear, the bass is well balanced, and it remains comfortable even during long listening sessions. The ANC feature also works quite well for this price range. However, there is one downside. The headphones come with a glossy finish, which looks very attractive and premium, but since it has a glossy surface, it gets scratched very easily. A matte finish would have been a better option. Overall, this is a value-for-money product. I would definitely recommend it to anyone looking for good battery life and sound quality in this price segment.",4.0,https://www.amazon.in/gp/customer-reviews/R36J5OO09HGC7R,Pratap sharma,Reviewed in India on 21 January 2026,1,,"[""https://m.media-amazon.com/images/I/611trShFwhL.jpg"", ""https://m.media-amazon.com/images/I/71ySfl9bE8L.jpg""]",2026-01-28T14:57:36.318374
1769612265,	B0F673HNLP,R1WKJ9S9DH87AC,Defective manufacturing,Defective products..One ear bud not working...even replacement is not working.. Design is good.....customer support is bad....it is better to avoid buying...I bought 2 of this and with in one month both not working .....so bad...,1.0,https://www.amazon.in/gp/customer-reviews/R1WKJ9S9DH87AC,dr rajesh rana,Reviewed in India on 23 January 2026,1,,[],2026-01-28T14:57:45.913473
1769612269,B0DQKY3R84,R2AI2Y6YNFSZHX,Waste of money,"Worst earphones under 3k.. One plus basic version is better then this.. Waste of money.. no good sound quality., No good battery life. Please don't buy this.. It's not worth 500 also..",1.0,https://www.amazon.in/gp/customer-reviews/R2AI2Y6YNFSZHX,RADHA V,Reviewed in India on 22 January 2026,1,,[],2026-01-28T14:57:49.395197
1769612269,B0DQKY3R84,R23ZT04E3XKDYG,Terrible Battery & Unhelpful Service,"I have been using the boAt Nirvana X TWS for about a month now, and while they look decent, my overall experience has been disappointing. Here is the breakdown of why I cannot recommend these. Pros: Good Bass: The bass is punchy and enjoyable if you like that heavy thump. Decent Indoor Calls: Call quality is surprisingly clear when talking indoors. Decent Looks: Aesthetically, the buds look fine and presentable. Cons: Terrible Battery Life: The biggest failure. Usage of just 2-3 hours drains the case significantly; real-world backup is only 8-10 hours total, nowhere near the claimed 40 hours. Bad Service Experience: I tried to exchange the product due to the battery drain, but the service center refused. They certified the product as ""fine"" despite the obvious defects. Average Sound: Overall audio quality is just ""ok"" and not worth the money. Poor Functionality: Functionality is a total disappointment compared to the design. Verdict: Do not buy. The battery is weak, and support won't help you. Go for Realme T310 or OnePlus Nord Buds 3 instead.",3.0,https://www.amazon.in/gp/customer-reviews/R23ZT04E3XKDYG,Manikanta,Reviewed in India on 18 January 2026,1,,[],2026-01-28T14:57:49.395215
1769612269,B0DQKY3R84,RT8RG49F8L1GE,Amazing Product,I used these nirvana airpods for the first time they fit in my ear perfectly so I didn't have to change the tip which was great also the tip was soft and comfortable and didn't irritate my ear the quality of the case is great with great design and easy to open and close connectivity is good as I could stay connected to the device from anywhere with the house. Coming to the sound quality the device is able to play good amount of bass along with that external noise is also reduced and I am able to have a great immersive experience. Overall good performance and worth the price too.,5.0,https://www.amazon.in/gp/customer-reviews/RT8RG49F8L1GE,Vishesh Gupta,Reviewed in India on 2 May 2025,1,3 people found this helpful,"[""https://m.media-amazon.com/images/I/611lQ5xcvfL.jpg"", ""https://m.media-amazon.com/images/I/51AL9lDBOuL.jpg"", ""https://m.media-amazon.com/images/I/61Y5McGykNL.jpg""]",2026-01-28T14:57:49.395242
1769845573,B0DXPL5XHF,R3LZ3NHU26NYVL,Average product,"I bought the boat Nirvana Genius PRO for ₹2600, expecting a premium and durable experience, but I have mixed feelings about the final product. Here is my honest feedback for the brand to improve in future versions: The Cons (Areas for Improvement): Build Quality & Durability: The biggest letdown is the charging case body. At this price point, I expected a durable material like stainless steel or high-quality matte plastic. Instead, it has a glass-like finish that feels very fragile. I am constantly worried that if it slips and falls once, the case will crack and stop charging entirely. It is not practical for daily outdoor use. Active Noise Cancellation (ANC): The claim of 50dB noise cancellation does not feel accurate in real-world usage. I can still easily hear outside sounds and conversations even with ANC turned on. It does not block noise as effectively as advertised. The Pros: Sound Quality: The audio output is good. It offers a decent listening experience with clear vocals and instruments. It isn't the ""best"" I have heard, but it is certainly enjoyable for music and media.",3.0,https://www.amazon.in/gp/customer-reviews/R3LZ3NHU26NYVL,Nilesh Kumar Singh,Reviewed in India on 6 January 2026,1,One person found this helpful,[],2026-01-31T07:46:13.223121
1769845576,B0DGV56J6G,R3I1AXD86ZSVZF,I like this pods,Nice product,5.0,https://www.amazon.in/gp/customer-reviews/R3I1AXD86ZSVZF,Ishwar,Reviewed in India on 27 January 2026,1,,[],2026-01-31T07:46:16.638731
1769845586,	B0DBHD2F5R,R200EW2DBKHF94,Worst Battery,"Design is good, Sound is better but Battery life is worst. In start battery go up to 9-10 hrs... After one month of use battery go only for 2-3 hrs",1.0,https://www.amazon.in/gp/customer-reviews/R200EW2DBKHF94,akash singh,Reviewed in India on 20 January 2026,1,One person found this helpful,"[""https://m.media-amazon.com/images/I/61HXn9ZdkXL.jpg""]",2026-01-31T07:46:26.339272
1769845589,	B0F673HNLP,R18SQVXBZBTPPT,Worst ear clips cheap quality product,Giving it 1 star since there is no option for half star the ear clips stopped working on the second day of purchase,1.0,https://www.amazon.in/gp/customer-reviews/R18SQVXBZBTPPT,NagTilak Adusumilli,Reviewed in India on 27 January 2026,1,,[],2026-01-31T07:46:29.558350
1770217542,B0DXPL5XHF,RAOM4NO2P7IBC,Good,Good product sound quality and best performance and strong anc,5.0,https://www.amazon.in/gp/customer-reviews/RAOM4NO2P7IBC,Dharmesh,Reviewed in India on 30 January 2026,1,,[],2026-02-04T15:05:42.194305
1770217545,B0DGV56J6G,R2TRXXNE9VTWMZ,Quality earphone,Nice product,5.0,https://www.amazon.in/gp/customer-reviews/R2TRXXNE9VTWMZ,ARSHAD,Reviewed in India on 31 January 2026,1,,[],2026-02-04T15:05:45.918077
1770217550,	B0DN171184,R1C8JDS8QUMPSW,"Battery life, sound quality , Anc feature","Good product , though anc feature is not very good rather decent , and battery life is the best . Sound quality is decent.",4.0,https://www.amazon.in/gp/customer-reviews/R1C8JDS8QUMPSW,Godfrey Dsouza,Reviewed in India on 2 February 2026,1,,[],2026-02-04T15:05:50.163015
1770217556,	B0DBHD2F5R,R1GY9GMPN4HGX4,Amazing sound,Good product clear music vocals rich base,4.0,https://www.amazon.in/gp/customer-reviews/R1GY9GMPN4HGX4,Maarif ,Reviewed in India on 30 January 2026,1,One person found this helpful,"[""https://m.media-amazon.com/images/I/61cGpXABccL.jpg""]",2026-02-04T15:05:56.604070
1770217556,	B0DBHD2F5R,R1SA2QBADAUTCV,Good product,Good enough as i got it under 2k,5.0,https://www.amazon.in/gp/customer-reviews/R1SA2QBADAUTCV,Arijit Bhattacharya,Reviewed in India on 2 February 2026,1,,[],2026-02-04T15:05:56.604091
1770450554,	B0DN171184,R9V1DAUIL62V8,Best of best earbuds,The media could not be loaded. Sound quality 10 out of 10 🤩😍❤️ Battery backup 10 out of 10 🤩😍❤️ Calling clear 10 out of 10 🤩😍❤️ Or design me bhi 10 out of 10 🤩😍❤️ Connectivity fast 10 out of 10 🤩😍❤️ Mai gaming nahi karta hoo to latency ka nahi pata dosto Lekin gaming ability bhi achi hai maine YouTube par check Kiya tha Bohot bohot ache earbuds hai dosto ye budget me Thank you Amazon Thank you sir ji ❤️ Bina koi jhijak ke bindaas lelo dosto ye Wale earbuds Dosto ye Wale earbuds best of best earbuds hai isliye earbuds me bhar bhar kar features diye hue hai I love this earbuds ❤️🤩😍,5.0,https://www.amazon.in/gp/customer-reviews/R9V1DAUIL62V8,Altamash subhani,Reviewed in India on 1 February 2026,1,,"[""https://m.media-amazon.com/images/I/61wSxnjTT9L.jpg"", ""https://m.media-amazon.com/images/I/61Uo-TODRzL.jpg"", ""https://m.media-amazon.com/images/I/61rpPtozRAL.jpg""]",2026-02-07T07:49:14.659741
1770823781,B0DXPL5XHF,R3JOKTQ0IYPFWI,Best and worth,"It's jus awesome. The sound quality is fabulous, really loved it. The app functionality is also easy friendly. The bass and vocal are well packed. The ANC mode is also working perfect",5.0,https://www.amazon.in/gp/customer-reviews/R3JOKTQ0IYPFWI,sidharth hari,Reviewed in India on 7 February 2026,1,,[],2026-02-11T15:29:41.686183
1770823781,B0DXPL5XHF,RTS8FDM97CNFR,Good product,Good sound quality at an affordable price,5.0,https://www.amazon.in/gp/customer-reviews/RTS8FDM97CNFR,RAJESH GHOSH,Reviewed in India on 4 February 2026,1,One person found this helpful,[],2026-02-11T15:29:41.686200
1770823781,B0DXPL5XHF,R3S19WJQKNGQ5M,Iska special sound is good,Best ear buds feature is best and quality is good,5.0,https://www.amazon.in/gp/customer-reviews/R3S19WJQKNGQ5M,Najmuddin Siddiqui,Reviewed in India on 8 February 2026,1,,[],2026-02-11T15:29:41.686214
1770823792,	B0DN171184,R1YH2RU4QKRFC0,Good,"⭐️⭐️⭐️⭐️⭐️ Excellent Sound & Battery Life! – I’m really impressed with these earbuds. The audio quality is clear with good bass, and calls come through nicely thanks to the quad mics and ENx noise suppression. Battery life is fantastic – lasts for many days on a single charge – and Bluetooth connects quickly without issues. The design feels premium and comfortable to wear for long listening sessions. Great value for money overall!",5.0,https://www.amazon.in/gp/customer-reviews/R1YH2RU4QKRFC0,Aparna,Reviewed in India on 4 February 2026,1,,[],2026-02-11T15:29:52.157397
1770823792,	B0DN171184,R27XQ1186ZWA7A,Battery backup,Product is good but as described Noise cancellation exist in it. Exactly it work sometime and sometimes not. Except this product is too good like battery backup sound quality is good you should buy it,4.0,https://www.amazon.in/gp/customer-reviews/R27XQ1186ZWA7A,Atul Kumar,Reviewed in India on 5 February 2026,1,,[],2026-02-11T15:29:52.157418
1770823802,	B0DBHD2F5R,RIKDDB34SE01N,NICE,NICE PRODUCT,5.0,https://www.amazon.in/gp/customer-reviews/RIKDDB34SE01N,Amazon Customer,Reviewed in India on 6 February 2026,1,,[],2026-02-11T15:30:02.881683
1770823807,	B0F673HNLP,RAFFNXDMUJ813,Nice product!!!,Perfect earbuds for daily use. very good quality and very nice item Looks premium with very good sound quality for listening to music and calls. Case is very small and easy to carry. They are very comfortable. Very easy to wear. Excellent product. Quality is good. Audio quality is at its level. Easy to use and can be use daily,5.0,https://www.amazon.in/gp/customer-reviews/RAFFNXDMUJ813,Krishna,Reviewed in India on 8 August 2025,1,,"[""https://m.media-amazon.com/images/I/81AXw7eGzLL.jpg"", ""https://m.media-amazon.com/images/I/817Q9EmKJsL.jpg""]",2026-02-11T15:30:07.688368
1770823807,	B0F673HNLP,R402TSXXML3F3,Avoid at All Costs: A Disappointing  Earbud Experience,"Do not buy these earbuds. I have purchased them and they have many issues: 1. On many occasions, one of the earbuds fails to connect. 2. If you are using only one earbud and then take out the other one to use it, the audio becomes distorted. 3. The voice quality is very bad. The person on the other end finds it difficult to hear you. 4. They do not fit easily, and you have to adjust them constantly. 5. If you are a biker, they don't fit comfortably, which results in poor bass quality. Please don't buy these. They are a complete waste of money.",1.0,https://www.amazon.in/gp/customer-reviews/R402TSXXML3F3,Tarunsoni,Reviewed in India on 15 August 2025,1,23 people found this helpful,"[""https://m.media-amazon.com/images/I/61bFSa1jzIL.jpg""]",2026-02-11T15:30:07.688388
1770823807,	B0F673HNLP,R67DDUEEW6VK4,Real Good OWS. iykyk,"It's actually a really good OWS. Recommended only if you really understand and know about these, and these are super comfy and real well designed. It's the most practical one's for its segment.",5.0,https://www.amazon.in/gp/customer-reviews/R67DDUEEW6VK4,Archana Siri,Reviewed in India on 7 February 2026,1,,[],2026-02-11T15:30:07.688407
1771055540,B0DXPL5XHF,R17ZI9B5F1F3LH,It's amazing 🤩,Best ear buds this price range 😄 superb quality and awesome sound experience,5.0,https://www.amazon.in/gp/customer-reviews/R17ZI9B5F1F3LH,G.Durgaprasad,Reviewed in India on 10 February 2026,1,,[],2026-02-14T07:52:20.156118
1771055550,	B0DN171184,R13L1WIMC6RTW2,Excellent Sound Quality with Long Battery Life,"I am really impressed with the boAt Nirvana Ion earbuds. The sound quality is crystal clear with deep bass and balanced vocals, which makes music and calls very enjoyable. The noise isolation works well and reduces background disturbance. The battery backup is amazing and easily lasts for long hours without frequent charging. The earbuds are comfortable to wear for extended periods and fit perfectly in the ears without falling out. The design looks premium and stylish, and the touch controls are smooth and responsive. Connectivity is fast and stable with no lag issues. Overall, this is a great value for money product with excellent performance. Highly recommended!",5.0,https://www.amazon.in/gp/customer-reviews/R13L1WIMC6RTW2,Mounika,Reviewed in India on 12 February 2026,1,,[],2026-02-14T07:52:30.550128
1771427345,B0DXPL5XHF,R25QKE0046OAU8,Good product,Good sound quality,5.0,https://www.amazon.in/gp/customer-reviews/R25QKE0046OAU8,Bhargav natekar,Reviewed in India on 10 February 2026,1,,[],2026-02-18T15:09:05.476727
1771427351,B0DGV56J6G,R1ZGTOHHTOXZ4W,Pathetic product with  no durability,"Product is good with sleek design for my running and exercise. However ,after 15days right side bud totally stop working .... Was not expecting so much issue in so less time Will check for service under warranty and update on service again Will update review after using this for atleast 1 or 2 month Update:I am highly disappointed by product....had registered 2 times about same issue and replaced product came with same issue again... It is not even 2 month that I had purchased product (purchased on 14th feb) and product stopped working not one or 2 but 3times and now 3rd time same issue persist. It seems noise is not resolving issues and sending back same product again or this product is sub standard and poor quality. This time it is not even a day after receiving replacement and again same issue. Pathetic experience. Now they are not allowing for complaint and showing earlier complaint status",1.0,https://www.amazon.in/gp/customer-reviews/R1ZGTOHHTOXZ4W,Aniruddha bhave,Reviewed in India on 1 March 2025,1,44 people found this helpful,[],2026-02-18T15:09:11.191942
1771427351,B0DGV56J6G,R3UEWQZ9HE3K4T,Good quality sound in less noise area.,Good Sound quality and size. Weight is also ok. But it is very heard to hear in noise area.,5.0,https://www.amazon.in/gp/customer-reviews/R3UEWQZ9HE3K4T,Aritra S.,Reviewed in India on 2 February 2026,1,,[],2026-02-18T15:09:11.191969
1771427356,	B0DN171184,R1976PLU0ZUC3H,"Compact would be better, but sound is good..","These earbuds are great overall, but the size of the buds is a bit large for my liking. If they were smaller, they'd be way more comfortable. Sound quality's good though, and battery life's solid. 👍""",4.0,https://www.amazon.in/gp/customer-reviews/R1976PLU0ZUC3H,Akash Ekare,Reviewed in India on 14 February 2026,1,,[],2026-02-18T15:09:16.097248
1771427366,	B0DBHD2F5R,R35S90DSKIMEZE,Nice,Nice product,5.0,https://www.amazon.in/gp/customer-reviews/R35S90DSKIMEZE,Shameem,Reviewed in India on 12 February 2026,1,,[],2026-02-18T15:09:26.012722
1771427366,	B0DBHD2F5R,R1EXGFQKI38Q3M,Very very Bad product. Waste of money,"Very very bad product. Total wast of money. It has ANC support but even i am having an earbuds with 32db anc reduces sound better. And the experience to spatial audio utter failure. I am been using boat product long. But this one crushed all the trust in boat products. More on it, even now I can't return it. Waste of money.",1.0,https://www.amazon.in/gp/customer-reviews/R1EXGFQKI38Q3M,Harish Joshy,Reviewed in India on 2 February 2026,1,,[],2026-02-18T15:09:26.012736
1771427376,B0DQKY3R84,R76YCI9F5XYRI,amazing product😍,"I’ve been using the boAt Nirvana TWS for a few days and they’re fantastic. The retro‑inspired design is sleek and comfortable, staying put even during workouts. Audio is clear and balanced—with punchy bass—and pairing is instant with no dropouts. ENC/ANC keep calls crisp, and the battery easily powers a full day’s use (plus extra case charges). The intuitive touch controls let you skip tracks, adjust volume, and answer calls in a tap, and a 10‑minute quick‑charge gives you up to an hour of playtime. The matte finish on the case feels premium and resists fingerprints. Great value all around!",5.0,https://www.amazon.in/gp/customer-reviews/R76YCI9F5XYRI,Lakshita saxena,Reviewed in India on 19 April 2025,1,3 people found this helpful,"[""https://m.media-amazon.com/images/I/61UjpaSizpL.jpg"", ""https://m.media-amazon.com/images/I/51ENXOdsqeL.jpg"", ""https://m.media-amazon.com/images/I/51qHWRYicTL.jpg""]",2026-02-18T15:09:36.628563
1771660138,B0DXPL5XHF,R1Q94LZ2CCAE3M,Value for money,Best value for money and i loved the quality and ANC plus the Audio is just what you need for knowing that this was the best investment i made,5.0,https://www.amazon.in/gp/customer-reviews/R1Q94LZ2CCAE3M,Pratik Mahendra Pardeshi,Reviewed in India on 22 January 2026,1,,[],2026-02-21T07:48:58.605384
1771660138,B0DXPL5XHF,RGL9NEISMKHCB,Sound quality is awesome,Worth it total amount is value for money,5.0,https://www.amazon.in/gp/customer-reviews/RGL9NEISMKHCB,Dhananjay Kumar,Reviewed in India on 8 February 2026,1,,"[""https://m.media-amazon.com/images/I/717d5XUVu0L.jpg""]",2026-02-21T07:48:58.605406
1771660142,B0DGV56J6G,R616H998Q505C,Noise cancellation,"Please don’t buy this product, absolute waste of money. This would probably be one of their worst products. The sound quality is very poor and the noise cancellation is a joke. It’s actually quite the opposite and is pleasant to the ears.",1.0,https://www.amazon.in/gp/customer-reviews/R616H998Q505C,Dallas,Reviewed in India on 18 February 2026,1,,[],2026-02-21T07:49:02.925167
1771660142,B0DGV56J6G,RXLEOK94EW4KZ,Worst product,Don’t buy it. My experience is very bad. Sound quality is worst and getting outside. There will be no privacy and anyone can hear your conversations easily. I tried to replace it but Amazon is not allowing to replace it.,1.0,https://www.amazon.in/gp/customer-reviews/RXLEOK94EW4KZ,KANHAYALAL BALCHAND SHARMA,Reviewed in India on 17 February 2026,1,One person found this helpful,[],2026-02-21T07:49:02.925186
1771660148,	B0DN171184,R6KKSV1UL7LOI,Value for money,Fantastic buds great build quality and the power pack battery performance just top quality stuff loved it.,4.0,https://www.amazon.in/gp/customer-reviews/R6KKSV1UL7LOI,Kasim Shaikh,Reviewed in India on 18 February 2026,1,,[],2026-02-21T07:49:08.134800
1771660148,	B0DN171184,R1W1C0YAVN1A1D,Glitchy,Sound quality is good. ANC is good. The reason I gave 3 stars was during video call it is automatically disconnecting. But when I was seeing a movie or during audio call it was not disconnecting.,3.0,https://www.amazon.in/gp/customer-reviews/R1W1C0YAVN1A1D,Ravi Chandra,Reviewed in India on 18 February 2026,1,,[],2026-02-21T07:49:08.134815
1771660160,	B0F673HNLP,R1O97FZAYEN1NV,Bad service from amazon,Third class pcs and not working prpperly and i exchanging it with another brand but amazon is not suppprting me cheap service of amazon and noise,1.0,https://www.amazon.in/gp/customer-reviews/R1O97FZAYEN1NV,Amazon Customer,Reviewed in India on 16 February 2026,1,,[],2026-02-21T07:49:20.884510
1771660170,B0DGV55W2K,R2OLPJ2LGAC9JI,Quality,Good quality,5.0,https://www.amazon.in/gp/customer-reviews/R2OLPJ2LGAC9JI,Katariya hemangi,Reviewed in India on 16 February 2026,1,,[],2026-02-21T07:49:30.638380
1772032497,B0DXPL5XHF,R2C6EUOXIBCA8G,Amazing Product,Very nice received product. Value for money. after two months I writing these review. Sound quality is awesome. ANC also good. I using these TWS under helmet on bike phone voice is good during call.,4.0,https://www.amazon.in/gp/customer-reviews/R2C6EUOXIBCA8G,RAVIRAJ PATIL,Reviewed in India on 22 February 2026,1,,"[""https://m.media-amazon.com/images/I/716s7Aefs2L.jpg"", ""https://m.media-amazon.com/images/I/61YEafxKlRL.jpg""]",2026-02-25T15:14:57.763957
1772032497,B0DXPL5XHF,R3D1LNCMM9NYBJ,Amazing,The sound quality is amazing. The ANC is perfect.,5.0,https://www.amazon.in/gp/customer-reviews/R3D1LNCMM9NYBJ,Ritesh,Reviewed in India on 23 February 2026,1,,[],2026-02-25T15:14:57.763981
1772032497,B0DXPL5XHF,R2DIL0EFQDWWDW,Awesome product,Amazing product,5.0,https://www.amazon.in/gp/customer-reviews/R2DIL0EFQDWWDW,Vinay C.,Reviewed in India on 21 February 2026,1,,[],2026-02-25T15:14:57.763995
1772032502,B0DGV56J6G,R66KQECZMKSZA,Mind blowing product,"Good product,very useful in phone calls and very eco-friendly noise cancellation.",5.0,https://www.amazon.in/gp/customer-reviews/R66KQECZMKSZA,Rohan Sharma,Reviewed in India on 19 February 2026,1,One person found this helpful,"[""https://m.media-amazon.com/images/I/71ocai+m8GL.jpg"", ""https://m.media-amazon.com/images/I/81uknWuLiAL.jpg""]",2026-02-25T15:15:02.358822
1772032502,B0DGV56J6G,R22OLKGWS58YX1,Noise Air Clips Honest Review Read this before you buy,"Here’s a clear and honest breakdown about Noise Air Clips 👍 Positives •. Good sound quality in the beginning • Clear audio • Stylish & modern look So yes, performance-wise initially it satisfied you. 👎 Negatives (Real Concerns) 1. Not comfortable for long use If it hurts your ears, that’s a big issue. Open/clip-style earbuds don’t suit everyone’s ear shape. 2. Not helmet-friendly If it falls off while removing helmet, that’s a design flaw for riders. Many clip/open-ear models are not secure under helmets. 3. Stopped connecting after one fall This is the main issue. If it stopped working after falling once, durability is questionable — especially when cheaper roadside headsets survived multiple drops. Is it fair? Honestly? Your feeling is valid. When: • A ₹500 roadside headset lasted 3 years • And a branded product fails in 1 month It naturally feels disappointing. But also remember: • Premium brands don’t always mean “more durable.” • Many lightweight earbuds are fragile internally (Bluetooth chip / battery displacement can happen after impact).",1.0,https://www.amazon.in/gp/customer-reviews/R22OLKGWS58YX1,ulyes,Reviewed in India on 19 February 2026,1,,"[""https://m.media-amazon.com/images/I/71L5Pcw+KnL.jpg""]",2026-02-25T15:15:02.358843
1772032517,	B0DBHD2F5R,R3OQNTSMGERDOK,Sound quality,"Good product, recommend to all",5.0,https://www.amazon.in/gp/customer-reviews/R3OQNTSMGERDOK,Sai Teja Saini,Reviewed in India on 20 February 2026,1,,[],2026-02-25T15:15:17.312076
1772032517,	B0DBHD2F5R,R2EPRHPD12A4W8,Head tracking assome....🫠,"Value for money, super experience, fantastic volume, especially fantastic features like head tracking spacial audio",5.0,https://www.amazon.in/gp/customer-reviews/R2EPRHPD12A4W8,MUGESH Raj,Reviewed in India on 30 January 2026,1,One person found this helpful,[],2026-02-25T15:15:17.312091
1772032517,	B0DBHD2F5R,R3NRL0FNQEOF17,A single earbud also need noise cancelation,Waste of money.. If you want noise cancelation don't buy it. It mentioned 50db but its not working..but when you connected to only one and another doesn't pair to your device. This manufacturing defect..,1.0,https://www.amazon.in/gp/customer-reviews/R3NRL0FNQEOF17,Ganesh,Reviewed in India on 23 February 2026,1,,[],2026-02-25T15:15:17.312104
1772032521,	B0F673HNLP,R2AR0JDGHWWZJZ,Ears Compatible,Everything is ok. Holds with ear easily compatibile..Sounds as OWS super...,5.0,https://www.amazon.in/gp/customer-reviews/R2AR0JDGHWWZJZ,Senthil Thandavan A Durai,Reviewed in India on 18 February 2026,1,,[],2026-02-25T15:15:21.698142
1772264680,B0DXPL5XHF,RHB6MC4UZ4JOW,Good,Simply excellent quality. ANC is good. Sound is good.,5.0,https://www.amazon.in/gp/customer-reviews/RHB6MC4UZ4JOW,Shiva Kumar v,Reviewed in India on 24 February 2026,1,,[],2026-02-28T07:44:40.962533
1772264680,B0DXPL5XHF,RX92L33ZXVJJY,"Good product, worth every penny",Good product,5.0,https://www.amazon.in/gp/customer-reviews/RX92L33ZXVJJY,Aswin M Biju,Reviewed in India on 24 February 2026,1,,[],2026-02-28T07:44:40.962554
1772264693,	B0DBHD2F5R,R203FGUMRZC9BM,All about the product,Very good product 👍,5.0,https://www.amazon.in/gp/customer-reviews/R203FGUMRZC9BM,Abhay ekka,Reviewed in India on 25 February 2026,1,,[],2026-02-28T07:44:53.268785
1772264693,	B0DBHD2F5R,R2XT0P4JTQJUSL,Price to value,Worst product fake claims of charging for 10 minutes battery last for 240 minutes after one month of use i use only for 2 hours Daily but I have to charge every second day for at least half an hour.last week I charged for more than 1 hour but needed to charge again battery drains very fast,1.0,https://www.amazon.in/gp/customer-reviews/R2XT0P4JTQJUSL,chandan singh,Reviewed in India on 15 January 2026,1,One person found this helpful,[],2026-02-28T07:44:53.268800
1772264696,	B0F673HNLP,R3T2UV9PO53AUS,Sound quality is good and wearing clips so comfortable,"Wow,nice product",4.0,https://www.amazon.in/gp/customer-reviews/R3T2UV9PO53AUS,Kln,Reviewed in India on 18 February 2026,1,,"[""https://m.media-amazon.com/images/I/61YvHkvw1pL.jpg""]",2026-02-28T07:44:56.332261
1772264696,	B0F673HNLP,REBNPZT5OL0JN,POOR BLUETOOTH,Need a replacement. Bluetooth does not connect to device. Poor product,1.0,https://www.amazon.in/gp/customer-reviews/REBNPZT5OL0JN,Dr Somnath Bhattacharya,Reviewed in India on 18 February 2026,1,,[],2026-02-28T07:44:56.332277
1772636464,B0DXPL5XHF,R2TE9TN7GC1IEN,Sound quality is pretty good,Sound quality is pretty good and ANC is amazing,5.0,https://www.amazon.in/gp/customer-reviews/R2TE9TN7GC1IEN,Rup Das,Reviewed in India on 24 February 2026,1,,"[""https://m.media-amazon.com/images/I/6151Q6allFL.jpg""]",2026-03-04T15:01:04.745701
1772636464,B0DXPL5XHF,R11YVRKBDNSS3B,Love it,Great earphone. Easy to connect to phone and doesn't hurt my ear after hours of use.,5.0,https://www.amazon.in/gp/customer-reviews/R11YVRKBDNSS3B,Micool,Reviewed in India on 27 February 2026,1,,[],2026-03-04T15:01:04.745723
1772636468,B0DGV56J6G,R3VLPNZ6QU0E0Q,Quality of voice and connectivity,Awesome product,5.0,https://www.amazon.in/gp/customer-reviews/R3VLPNZ6QU0E0Q,Sushil Kumar Saraswat,Reviewed in India on 1 March 2026,1,,[],2026-03-04T15:01:08.329132
1772636480,	B0DBHD2F5R,R39TV8EAW87E09,The sound quality of this product is very much good and satisfaction for this is great,This is a very good product. Overall i am satisfied with the prodict quality and sound quality,5.0,https://www.amazon.in/gp/customer-reviews/R39TV8EAW87E09,The product send was very good. It's very useful. I got the product without any damage. I liked the service provided.,Reviewed in India on 26 February 2026,1,One person found this helpful,"[""https://m.media-amazon.com/images/I/51EXNDN-0tL.jpg""]",2026-03-04T15:01:20.004263
1772636480,	B0DBHD2F5R,R1B2AS5VW62W3A,A Complete Review,Considering the price of 1800 it is quite of good and full of features and looks pretty cool. Mic quality is descent as per price range. Touch controls are working properly. Yeah there is some problem in connectivity in my headset sometimes it just go in pairing mode and don't even pair with the last paired devices. There is no ear pain while using them. It fits comfortably in my ears because I have big ears if you have small ears then u can have fitting issues.,5.0,https://www.amazon.in/gp/customer-reviews/R1B2AS5VW62W3A,yashvardhan bhadauriya,Reviewed in India on 13 February 2026,1,,"[""https://m.media-amazon.com/images/I/71hTq8mJQgL.jpg"", ""https://m.media-amazon.com/images/I/712a6kte6HL.jpg""]",2026-03-04T15:01:20.004283
1772636483,	B0F673HNLP,R2QMRUFT8EL6MN,Defective product,Defective product,1.0,https://www.amazon.in/gp/customer-reviews/R2QMRUFT8EL6MN,Mohammad Shadab Rizvi,Reviewed in India on 17 February 2026,1,,[],2026-03-04T15:01:23.400180
1772636490,B0DGV55W2K,RBPI1KLII8TY6,Crazy bass,"If you are purchasing for songs on your way, this is def the right choice. Perfect bass for songs ,doesnt hurt my ear, and its battery lasts 2-3 days if you use it for 5 hours/day",5.0,https://www.amazon.in/gp/customer-reviews/RBPI1KLII8TY6,Aradhya gautam,Reviewed in India on 25 February 2026,1,,[],2026-03-04T15:01:30.948517
1772869589,B0DXPL5XHF,R3IRWYFZL2WASY,"Excellent, value for money",Excellent as always. Gifted it to my son and months have passed he has been using it consistently.,5.0,https://www.amazon.in/gp/customer-reviews/R3IRWYFZL2WASY,sveta k.,Reviewed in India on 27 February 2026,1,,[],2026-03-07T07:46:29.698103
1772869593,B0DGV56J6G,RUSK4DU9PEIMS,Very very very very bad product,"It is very bad product, very low sound, pain in ears when you wear it, discount and kept on pod but still connected from mobile, a very worst product, I want to return it however no return option available,my bad I choose this product with reviewing the details... Expecting Amazon may help and currently on cal to get the solution from half n hour... Let see will update once get response..... A very very very very very very very bad product don't trust on NOISE product, since if they are good in product then they must have given return policy instead of replacement.... Since they now the product is problematic hence no return option in Amazon...... Attached photo of the proof that product is packed and kept on pod but still connected with mobile... Privacy issues...",1.0,https://www.amazon.in/gp/customer-reviews/RUSK4DU9PEIMS,Dilip Maity,Reviewed in India on 2 March 2026,1,2 people found this helpful,"[""https://m.media-amazon.com/images/I/61u1-mlNSNL.jpg"", ""https://m.media-amazon.com/images/I/51TYnNz63pL.jpg""]",2026-03-07T07:46:33.316700
1772869593,B0DGV56J6G,R12B8MPKH7IBWI,Good earbuds,"Ok for sound, little pain if use more than 3-4 hr",4.0,https://www.amazon.in/gp/customer-reviews/R12B8MPKH7IBWI,Abhishek Rajput,Reviewed in India on 29 January 2026,1,,[],2026-03-07T07:46:33.316726
1772869593,B0DGV56J6G,R3VXSB3NJJNXF2,Amazing earbuds,Amazing earphones. It's been more than 6 months but the earbuds are amazing. Very nice sound quality. It's worth of money. They are very comfortable to wear.,5.0,https://www.amazon.in/gp/customer-reviews/R3VXSB3NJJNXF2,Shefali jaiswal,Reviewed in India on 5 March 2026,1,,[],2026-03-07T07:46:33.316736
1773474809,B0DXPL5XHF,RWLESHYEWNBRD,Sound quality,Sound quality really good. I like the product.,5.0,https://www.amazon.in/gp/customer-reviews/RWLESHYEWNBRD,Samiksha,Reviewed in India on 10 March 2026,1,,[],2026-03-14T07:53:29.178926
1773474809,B0DXPL5XHF,R1VKM6UXE82Z6A,Excellent product,Excellent product Nice audio,5.0,https://www.amazon.in/gp/customer-reviews/R1VKM6UXE82Z6A,Bhavana kale,Reviewed in India on 7 March 2026,1,,[],2026-03-14T07:53:29.178952
1773474831,B0DQKY3R84,R1E6PFO5JI5G0B,Amongs th goodes with dual drivers,I think it is the best amongs all. Best tws i ever bought. The sound is nice Bass is nice Play exactly where it should be. Must purchase produce You will not get anything at this range.,5.0,https://www.amazon.in/gp/customer-reviews/R1E6PFO5JI5G0B,Bhoya Hiren,Reviewed in India on 6 March 2026,1,,"[""https://m.media-amazon.com/images/I/81ZSA+Dfc6L.jpg"", ""https://m.media-amazon.com/images/I/718UrvtchxL.jpg"", ""https://m.media-amazon.com/images/I/71qmnJLM7vL.jpg"", ""https://m.media-amazon.com/images/I/71-KvYhhdcL.jpg"", ""https://m.media-amazon.com/images/I/71PSOcR2XEL.jpg""]",2026-03-14T07:53:51.124523
1773848566,B0DXPL5XHF,RPXRHTWDNAR4W,Value of money... Good product.. Features loaded...,Value of money... Good product.. Features loaded...,5.0,https://www.amazon.in/gp/customer-reviews/RPXRHTWDNAR4W,Anjesh,Reviewed in India on 12 March 2026,1,,[],2026-03-18T15:42:46.419182
1773848566,B0DXPL5XHF,RM59X4QBCIMDA,Great product,"Great product , I have been using regularly and the experience is consistent.",5.0,https://www.amazon.in/gp/customer-reviews/RM59X4QBCIMDA,Amazon Customer,Reviewed in India on 11 March 2026,1,,[],2026-03-18T15:42:46.419199
1773848566,B0DXPL5XHF,R121LDDW73PYU6,Sound and bass,Sound quality is good and bass also,5.0,https://www.amazon.in/gp/customer-reviews/R121LDDW73PYU6,Shaik Shaikabubakarsiddiq,Reviewed in India on 4 March 2026,1,,[],2026-03-18T15:42:46.419213
1773848583,	B0DBHD2F5R,R2YEAI3NNYGYRL,"Very bad product bad anc , bad bass, bad sound quality","Most underrated item when I ever feel it not good not good bass not at all this product i will give 0/1000 waste product when ever i see. Completly waste twc ever i feel, i will never prefer boat items ever, first time experience boat items, never by again Very bad product is it",1.0,https://www.amazon.in/gp/customer-reviews/R2YEAI3NNYGYRL,Farzeen,Reviewed in India on 18 February 2026,1,One person found this helpful,[],2026-03-18T15:43:03.136004
1773848591,B0DQKY3R84,R1VGYVUKTXX8V7,Good,Very good and unexpected product,5.0,https://www.amazon.in/gp/customer-reviews/R1VGYVUKTXX8V7,Saurav auddya,Reviewed in India on 13 March 2026,1,,[],2026-03-18T15:43:11.376529
1774079402,B0DXPL5XHF,R2739P6I28IG9X,Worth to money spend on it,"The product is gud, works perfectly",5.0,https://www.amazon.in/gp/customer-reviews/R2739P6I28IG9X,Darshan,Reviewed in India on 17 March 2026,1,,[],2026-03-21T07:50:02.800805
1774079411,	B0DN171184,R3TQGOR51RB49O,Review after 2 years of hardcore usage.,"Been using it for 2 years. and for its price (1800 back then) its really good. now that after hardcore use of 2 years and dropping it down a billion times, its come in two piece, like semi, broken. but i can just put it back together. if you plan on using super hardcore everyday for 2 years then go for it. if you are more careful than i am with it then it'll last longer for sure. Nice volume and sound aswell. Apart form that i an now having some issues with compatibility. idk if its my phone or new software update. really durable and good, personally its great. (Note: I listen music/use for gaming/in calls. so i use it every single day for 6-8 hours at the very least)",5.0,https://www.amazon.in/gp/customer-reviews/R3TQGOR51RB49O,Az,Reviewed in India on 17 March 2026,1,2 people found this helpful,[],2026-03-21T07:50:11.548206
1774079424,	B0F673HNLP,R3TNC6DYHRE7XC,Pathetic product from noise,"Never thought.... Would be giving a bad review for noise... Even if it is said to have ENC, the voice is feeble...forget crowded place, you have to put strain on your ears to listen carefully the podcasts and movie on Netflix or Amazon.... 2ndly ....even after placing the clips in the case, it doesn't get disconnected from the phone and call goes directly to the clips. 3rdly it has come to my notice now that both the clips don't work in sync, there is an echo... Am in practice of using one clip at a time... Tried reaching the customer care of the manufacturer,but didn't have options to contact the personnel directly, it gave option to raise complaint. Had raised the complaint through Amazon...to the contact manufacturer but that to was cumbersome...you had to upload the pic of the clips, first download and upload your invoice..got 2-3 emails but were all trouble shooting emails which was not in sync with the issues I was facing...lastly I received an email from the manufacturer that they have closed ticket as they had called me many times but I haven't receive a single call. Last week on the website had got a service centre of Kalyan but today when I wanted to check their address on the noise website... Mumbai itself was not an option on their service centre for Maharashtra...i mean what's happening??? Tried getting solution from Amazon customer service centre where I got revert that I will need to send letter of denial from the manufacturer",1.0,https://www.amazon.in/gp/customer-reviews/R3TNC6DYHRE7XC,preetam lewis,Reviewed in India on 16 March 2026,1,,"[""https://m.media-amazon.com/images/I/51L9TZAxzcL.jpg""]",2026-03-21T07:50:24.060855
1774453177,B0DXPL5XHF,R3FFWLSTIMYFVA,Best Product of Boat,"Best Product I have Purchased, comfortably fitting properly, batter life is very good, good in use, best sound quality with different modes.",5.0,https://www.amazon.in/gp/customer-reviews/R3FFWLSTIMYFVA,Ansh Goyal,Reviewed in India on 18 March 2026,1,,[],2026-03-25T15:39:37.558735
1774453177,B0DXPL5XHF,R3JE5O40SZIQKH,Zenith review 4/5,"Good earphones in a reasonable price. Spatial audio, ambient and ANC. Good mic too",4.0,https://www.amazon.in/gp/customer-reviews/R3JE5O40SZIQKH,Abhishek P,Reviewed in India on 27 February 2026,1,,[],2026-03-25T15:39:37.558753
1774453177,B0DXPL5XHF,RSHEBKMM6U39E,Boat...nirvana. Is. 👌👌. But.  Case.  Is.  Not...a. Nirvana case.,Boat nirvana earbuds is. Extent..sound....worth....but. This. Hold. Case. Is. Worst. Dont... buy..this. Type. Off. Case.,5.0,https://www.amazon.in/gp/customer-reviews/RSHEBKMM6U39E,nani,Reviewed in India on 21 March 2026,1,,"[""https://m.media-amazon.com/images/I/81u8d-u3x3L.jpg"", ""https://m.media-amazon.com/images/I/71l-db1iFvL.jpg""]",2026-03-25T15:39:37.558769
1774453182,B0DGV56J6G,R2I4Y7M2WJLV1T,"Used, filthy product sold as new","If zero stars were an option, this would get them — gift-wrapped and delivered with a warning label. 🚫 I ordered brand-new earbuds and received something that looked pulled out of someone else’s drawer. The speaker mesh had what appeared to be earwax residue (disgusting). The box was battered, yellowed, dusty, and clearly old. Inside, the cable compartment paper was already torn, and the tray beneath the pod had black grime stains. Nothing about this package said “new.” Everything said “previous owner.” 🤮 Then came the replacement process — a bureaucratic obstacle course. Endless fields, photo uploads, microscopic details… as if applying for a passport rather than returning a defective product. After finally submitting everything, the page timed out and wiped it all. I had to redo the entire process while already furious. Now there’s only a complaint token and silence for two days. Selling an unhygienic used product as new is bad enough. Making the customer fight this hard for a replacement is worse. This wasn’t just frustrating — it was exhausting, infuriating, and deeply disappointing. Proceed at your own risk. ⚠️",1.0,https://www.amazon.in/gp/customer-reviews/R2I4Y7M2WJLV1T,Neethu Rajendran,Reviewed in India on 18 March 2026,1,,"[""https://m.media-amazon.com/images/I/61tuyDnowrL.jpg"", ""https://m.media-amazon.com/images/I/61BTdkf-gGL.jpg"", ""https://m.media-amazon.com/images/I/71+zhl+XvZL.jpg""]",2026-03-25T15:39:42.248936
1774453182,B0DGV56J6G,R13EI5MVWNYIGY,Great for gifting 😃,Best quality. Great for gifting as well. Must buy!!,5.0,https://www.amazon.in/gp/customer-reviews/R13EI5MVWNYIGY,Saloni Goyal ,Reviewed in India on 23 March 2026,1,,[],2026-03-25T15:39:42.248974
1774453204,B0DQKY3R84,R2ES7CPBLPDCL6,Nirvana boat,Quality is good,4.0,https://www.amazon.in/gp/customer-reviews/R2ES7CPBLPDCL6,Nikhil mestry,Reviewed in India on 21 March 2026,1,,[],2026-03-25T15:40:04.544908
1774453204,B0DQKY3R84,R23IVZBKOUTX4I,noise cancellation is good,The sound was good,5.0,https://www.amazon.in/gp/customer-reviews/R23IVZBKOUTX4I,Hardik sharma,Reviewed in India on 18 March 2026,1,,[],2026-03-25T15:40:04.544921
1774684706,B0DXPL5XHF,R2TZYDW08HHWDJ,GOOD,Bass is less but trebel is good ... overall good TWS,4.0,https://www.amazon.in/gp/customer-reviews/R2TZYDW08HHWDJ,Permesh paliwal,Reviewed in India on 20 March 2026,1,,[],2026-03-28T07:58:26.572495
1774684706,B0DXPL5XHF,R7U194EJA6AHC,Brilliant,Really good audio quality and good noise cancellation Worth the money,5.0,https://www.amazon.in/gp/customer-reviews/R7U194EJA6AHC,Crytikaa,Reviewed in India on 24 March 2026,1,,[],2026-03-28T07:58:26.572510
1774684722,	B0DBHD2F5R,R2Y9QE5HW7B43J,Boat actually democratizedCan be considered if you want TWS + good audio + ANC.,"These are my first TWS and got it for ₹1,899 + ₹129 Anti lost TWS strap + ₹121 Extended warranty by Onsitego. Earlier I used neckband and changed many with the used Realme Wireless 5, 50dB ANC neckband and I loved the audio and ANC until they stopped working just 2 months after 1 year brand warranty is over. That feels like a scam. I trusted boat and wanted 50 dB ANC, rest all I get is something extra. The audio is amazing, boat signature sound is actually something good, maybe Realme neckband didn't had that quality (I am not an expert), ambient sound I use less, ANC is very satisfying, head tracking I experienced first time in my life (on internet people say it is an apple product thing, well whatever it is practically a noticeable experience). Working good, yes less battery backup than neckband but it is like pomodoro after a few years take a 30 minutes break put the TWS on case for charging, all good. Loves the experience and that for this price. If these TWS worked more than Realme neckband (extended warranty must help in future), then I would definitely be loving and trusting Boat products. They actually are very good and practical specially for someone like me whojust wanted audio and ANC, rest all the things are premium experience. Cons: On calls other person is not hearing my voice clearly so have to take the call normally without bluetooth TWS.",5.0,https://www.amazon.in/gp/customer-reviews/R2Y9QE5HW7B43J,Chetan,Reviewed in India on 24 March 2026,1,,[],2026-03-28T07:58:42.720608
1774684722,	B0DBHD2F5R,R29OCH5KN25C80,Goodone,Nice one product,5.0,https://www.amazon.in/gp/customer-reviews/R29OCH5KN25C80,Raghubir Rathore,Reviewed in India on 23 March 2026,1,,[],2026-03-28T07:58:42.720647
1774684722,	B0DBHD2F5R,R3JLC01KYWGNCV,Totally waste of money,"Very Bad Product, Not Good for Daily use , Anc control is very very Bad and overall this product was waste, Exchange option is not providing in this application.",1.0,https://www.amazon.in/gp/customer-reviews/R3JLC01KYWGNCV,Sreehari P,Reviewed in India on 18 March 2026,1,,"[""https://m.media-amazon.com/images/I/61CiuuUDdWL.jpg"", ""https://m.media-amazon.com/images/I/61KA-VFkktL.jpg""]",2026-03-28T07:58:42.720658
1774684730,B0DQKY3R84,R8Y7J4H4Q1OMC,premium looks,Nice quality and primium look,5.0,https://www.amazon.in/gp/customer-reviews/R8Y7J4H4Q1OMC,Subham kumar ,Reviewed in India on 23 March 2026,1,,"[""https://m.media-amazon.com/images/I/71oHqn5+F8L.jpg"", ""https://m.media-amazon.com/images/I/71GQIDz7hyL.jpg"", ""https://m.media-amazon.com/images/I/616OzsJZbJL.jpg""]",2026-03-28T07:58:50.369394
1775058482,B0DXPL5XHF,R2KIY6TFAQFY73,This product is very good,This product is very good and sound quality is great and battery health is very good and design is amazing and attractive very comfortable 😍……,5.0,https://www.amazon.in/gp/customer-reviews/R2KIY6TFAQFY73,Manas Patel,Reviewed in India on 26 March 2026,1,,"[""https://m.media-amazon.com/images/I/71k-DQcieQL.jpg""]",2026-04-01T15:48:02.174634
1775058482,B0DXPL5XHF,R33CIC4VFBM4WD,Good sound,Good quality product and nice sound.,5.0,https://www.amazon.in/gp/customer-reviews/R33CIC4VFBM4WD,Dr.Ninad Chavan,Reviewed in India on 25 March 2026,1,,[],2026-04-01T15:48:02.174656
1775058489,	B0DN171184,R2FHALZOP4WVTU,"Value for money, sound quality","I am writing this review after using the product for 3-4 months. It offers great value for money at under 2000 INR (Nirvana Ion ANC Pro). The build quality is impressive. One day, it fell from my hand onto the ground, and nothing happened; it continues to work perfectly. The ANC performance is acceptable for this price range. The sound quality is fantastic; I typically watch videos and play games at around 30% volume, which is sufficient, and I can confidently say that the sound is very good. I am unsure about the water resistance of the TWS, as I have not tested it. The battery life is commendable. I recommend this product if you are looking for high-quality sound TWS under 2000 INR. This is the best option.",5.0,https://www.amazon.in/gp/customer-reviews/R2FHALZOP4WVTU,TINTU MON ,Reviewed in India on 7 September 2025,1,,[],2026-04-01T15:48:09.160093
1775058489,	B0DN171184,R2Y6ENAF13P8UZ,Nice one,Good one but nos of time it disconnected through phone. May be due to sensitivity,4.0,https://www.amazon.in/gp/customer-reviews/R2Y6ENAF13P8UZ,Roopesh Sharma,Reviewed in India on 28 December 2025,1,,[],2026-04-01T15:48:09.160118
1775058489,	B0DN171184,RVJWL1SC2JWVM,Good,"Value for money, sound quality is good",5.0,https://www.amazon.in/gp/customer-reviews/RVJWL1SC2JWVM,Antony,Reviewed in India on 21 February 2026,1,,[],2026-04-01T15:48:09.160127
1775058489,	B0DN171184,R35JENK7MKPXY2,Worst fittings,Wors product. It does not fit your ear. You will feel very uncomfortable wearing this in each and every moment. The design of the earbuds are sucks. I regret buying it.,1.0,https://www.amazon.in/gp/customer-reviews/R35JENK7MKPXY2,Biswajit Barman (II),Reviewed in India on 18 March 2026,1,,[],2026-04-01T15:48:09.160135
1775058489,	B0DN171184,R25ORQYDZWP1NP,Amazing,Calling quality good Noise cancellation is good Value of money Quality good,5.0,https://www.amazon.in/gp/customer-reviews/R25ORQYDZWP1NP,bhupender singh,Reviewed in India on 24 February 2026,1,,[],2026-04-01T15:48:09.160145
1775058489,	B0DN171184,RMLYE7E8FBWL6,Amazing,Sound quality and battery is superb,5.0,https://www.amazon.in/gp/customer-reviews/RMLYE7E8FBWL6,Pratik Gupta,Reviewed in India on 27 February 2026,1,,[],2026-04-01T15:48:09.160153
1775058489,	B0DN171184,R2C29IZ8VMX87C,Good product,"It's best product, very comfortable to use and ANC mode is very helpful",4.0,https://www.amazon.in/gp/customer-reviews/R2C29IZ8VMX87C,santhosh sinthre,Reviewed in India on 19 December 2025,1,,[],2026-04-01T15:48:09.160161
1775058498,	B0DBHD2F5R,RIB6P0AMZ8H8H,It's a good product.,"It's a good experience overall, but I've encountered two issues. The ANC and motion modes turn off automatically, and I'm unsure why. I have to open the app each time to re-enable them. Rest all things is good like battery is working properly, charging is also good, in connectivity also i did not feel any difficulties.",3.0,https://www.amazon.in/gp/customer-reviews/RIB6P0AMZ8H8H,Chandel,Reviewed in India on 23 March 2026,1,One person found this helpful,[],2026-04-01T15:48:18.079089
1775058498,	B0DBHD2F5R,R3BNB4C84M0PWI,good,value to money.,4.0,https://www.amazon.in/gp/customer-reviews/R3BNB4C84M0PWI,Firoz,Reviewed in India on 28 February 2026,1,,[],2026-04-01T15:48:18.079109
1775058501,	B0F673HNLP,R1QIJ821N5NZKN,Irritates with functional problem with..,"It keeps connecting to my phone automatically, even after the lid has been closed. Consequently, when I try to speak to someone using my phone's built-in speaker, I realize that no audio is coming through—only to discover, upon checking, that my phone is actually connected to my noise air clip. It's so irritating , not connecting to the app even after resetting air clip and restarting my smartphone so I can't update firmware . No film or any cover on charging point it seems it used. And no refund option available. This shows that a small brand cannot compete with a large brand.",1.0,https://www.amazon.in/gp/customer-reviews/R1QIJ821N5NZKN,vimal bharti,Reviewed in India on 23 March 2026,1,,"[""https://m.media-amazon.com/images/I/81vSMfeNNsL.jpg""]",2026-04-01T15:48:21.768219
1775058505,B0DQKY3R84,RG8II4Z6THBPF,Nice,It's is a good one to buy.,5.0,https://www.amazon.in/gp/customer-reviews/RG8II4Z6THBPF,kadiya mehul,Reviewed in India on 27 March 2026,1,,[],2026-04-01T15:48:25.553503
1775058505,B0DQKY3R84,R3BTPFCFFYWMGX,battery life not the best,using this for more than a year the sound quality is amazing and its somewhat bulky not too much but the problem is in the battery life i need to charge it every 2 days that it its amazhing,3.0,https://www.amazon.in/gp/customer-reviews/R3BTPFCFFYWMGX,DILEEP KUMAR,Reviewed in India on 13 March 2026,1,,[],2026-04-01T15:48:25.553518
1775058505,B0DQKY3R84,R3IM8EJ56PZBZD,Very worst,Waste of many it doesn't work blutooth range is very poor and also has mic problem .defective product didnt made replacement from company side and also we didn't able to make return this product bcz tht option is not available in website iam not giving even one star to this worthless product,1.0,https://www.amazon.in/gp/customer-reviews/R3IM8EJ56PZBZD,Barveen,Reviewed in India on 20 March 2026,1,,[],2026-04-01T15:48:25.553530
1775058509,B0DGV55W2K,R1M8TIMEH6CW87,Osm,This aura buds is very good 😊😊 this is my second earbud first is same I like this product 🙂,4.0,https://www.amazon.in/gp/customer-reviews/R1M8TIMEH6CW87,Nishant Singh,Reviewed in India on 24 March 2026,1,,[],2026-04-01T15:48:29.244773
1775289693,	B0DN171184,R2YKTUOQJ3QQX6,"Feature-packed earbuds with strong ANC, long battery & excellent range","ChatGPT said: Got it 👍 Let’s add functionality (extra features like touch controls, app support, dual pairing) and range (Bluetooth coverage). Here’s the updated Amazon Vine-style review for your boAt Nirvana Ion ANC Pro: 📝 Vine-Style Review ⭐ Rating: ★★★★★ (5/5) Review Title: Feature-packed earbuds with strong ANC, long battery & excellent range Review: The boAt Nirvana Ion ANC Pro is an impressive pair of earbuds that delivers on performance, features, and reliability. Sound Quality: With Hi-Res Audio + LDAC, the soundstage is wide with punchy bass, clear vocals, and balanced mids. Great for music, calls, and gaming. Active Noise Cancellation (ANC): Reduces noise up to ~32dB effectively, while the Transparency Mode lets you stay aware when needed. Battery Life: A whopping 120 hours playback with the case ensures you rarely need to recharge. Fast charging gives hours of playback in minutes. Functionality: Full touch controls for calls, music, and ANC modes. The boAt Hearables app allows EQ customization, firmware updates, and button mapping. It also supports dual device pairing, making switching between phone and laptop seamless. Connectivity & Range: With Bluetooth v5.3, pairing is instant and stable. It maintains a 10m+ range without drops, even through walls, which is great for moving around the house. Comfort & Design: Lightweight, snug, and secure fit with a stylish “Blazing Comet” design. Comfortable for extended listening. Value Factor: At ₹1,999, it offers premium functionality at an affordable price. Pros: ✔ Hi-Res LDAC sound with deep bass & clarity ✔ Effective ANC (~32dB) + Transparency mode ✔ 120H battery with fast charging ✔ Touch controls + app customization + dual pairing ✔ Strong Bluetooth 5.3 connectivity & 10m+ range ✔ Comfortable fit, premium finish Cons: ✘ Case is a little bulky ✘ ANC could be stronger in extreme noise environments Verdict: The boAt Nirvana Ion ANC Pro delivers a premium experience with superb sound, useful features, reliable range, and marathon battery life. Truly feature-rich and value-for-money TWS earbuds in its segment.",5.0,https://www.amazon.in/gp/customer-reviews/R2YKTUOQJ3QQX6,Amal joshy,Reviewed in India on 26 August 2025,1,,[],2026-04-04T08:01:33.874454
1775289693,	B0DN171184,R29GFKA6N0RT1X,Sound quality,"Sound quality is decent, good for daily use But compared to the immortal series, it has less bass, sound clarity is good. ANC is also working well Sounds good after turning on signature sound calling is also best",4.0,https://www.amazon.in/gp/customer-reviews/R29GFKA6N0RT1X,muddasir,Reviewed in India on 26 January 2026,1,,"[""https://m.media-amazon.com/images/I/51fybBKYMQL.jpg""]",2026-04-04T08:01:33.874505
1775289693,	B0DN171184,R3NU6POJDHNLWR,Nice Product,Excellent Produt,5.0,https://www.amazon.in/gp/customer-reviews/R3NU6POJDHNLWR,Jakey Ghalyan,Reviewed in India on 12 March 2026,1,,[],2026-04-04T08:01:33.874518
1775289693,	B0DN171184,R3MLN4B1NV794Z,Okayish!,After few month of use: The sound quality isn't that good anymore.,4.0,https://www.amazon.in/gp/customer-reviews/R3MLN4B1NV794Z,Rohit,Reviewed in India on 1 January 2026,1,,[],2026-04-04T08:01:33.874528
1775289707,B0DQKY3R84,R1Z35K1LMCTIO9,Value for money,Loved it the bass was totally on point and the color and quality top class,4.0,https://www.amazon.in/gp/customer-reviews/R1Z35K1LMCTIO9,Suzan Mithani,Reviewed in India on 30 March 2026,1,,[],2026-04-04T08:01:47.873588
1775289707,B0DQKY3R84,R3HYK7HRXPZ6GY,Okay for normal music listener.,Using these since few months. Ear fitting is not good. Product quality looks a bit poor. Sound is good for normal listener. If you really need to listen high quality music then go for some other high priced earbuds.,3.0,https://www.amazon.in/gp/customer-reviews/R3HYK7HRXPZ6GY,Rishikesh S. Kabara,Reviewed in India on 17 February 2026,1,,[],2026-04-04T08:01:47.873603
1775289707,B0DQKY3R84,R1IM3KWBW4IBEE,Hearing problem,I have only used 35 days Buy find multiple issues like as auto disconnect one side fully switch etc...,2.0,https://www.amazon.in/gp/customer-reviews/R1IM3KWBW4IBEE,Hasnain ali,Reviewed in India on 3 February 2026,1,,[],2026-04-04T08:01:47.873615
1775663466,B0DXPL5XHF,R32XI61O4FTA2F,Solid 4.6 for this one !!,"Every aspect of the product is great. For me the fit was a bit off, but that wasnt the case for other around me, whi tried it. The ANC works great, call quality is good. C",5.0,https://www.amazon.in/gp/customer-reviews/R32XI61O4FTA2F,Raj Kumar,Reviewed in India on 1 April 2026,1,,[],2026-04-08T15:51:06.104473
1775663496,B0DHH96NBB,RH7XBY8PPVWY7,Value for money,"Good product,worth for your money and sound quality is superb.",4.0,https://www.amazon.in/gp/customer-reviews/RH7XBY8PPVWY7,praveenkumar,Reviewed in India on 26 February 2026,1,,[],2026-04-08T15:51:36.715324
1775663496,B0DHH96NBB,R2NP6SF3C6S5BU,Don't buy this model.,Very slow in connection with mobile phone. After several attempt it connected. Then one bud not working. Tried several time reset but problem not resolved. Contacted Noise support team but they are also not supporting. We are trying daily to connect them but not giving any response. Amazon should support us in such cases.,1.0,https://www.amazon.in/gp/customer-reviews/R2NP6SF3C6S5BU,Zeel,Reviewed in India on 9 January 2026,1,,[],2026-04-08T15:51:36.715343
1775663496,B0DHH96NBB,R28C9VODNL3JC,Not perfect but good,Can’t say the noise cancellation is very good but it’s ok. The sound quality is also good.,4.0,https://www.amazon.in/gp/customer-reviews/R28C9VODNL3JC,Murugesan,Reviewed in India on 10 February 2026,1,,"[""https://m.media-amazon.com/images/I/817O-B2CfYL.jpg"", ""https://m.media-amazon.com/images/I/71kwN+pmqmL.jpg""]",2026-04-08T15:51:36.715360
1775663520,	B0F673HNLP,R393ZNLOU77ZB7,Bad quality provided by noise,Worst product this is my third time noise disappointed me this time left side clip not working.just only used 1 weak very bad quality provided totally waste product this one,1.0,https://www.amazon.in/gp/customer-reviews/R393ZNLOU77ZB7,Manikandan,Reviewed in India on 2 April 2026,1,,[],2026-04-08T15:52:00.510255
1775663530,B0DQKY3R84,R2E2Y5FXI2HY7G,Earbuds,"Best boat eardopes Sound quality is good for the price.The battery life is impressive. On a single charge, the earbuds last around 4–5 hours.",5.0,https://www.amazon.in/gp/customer-reviews/R2E2Y5FXI2HY7G,Dimpy Rava,Reviewed in India on 2 April 2026,1,,"[""https://m.media-amazon.com/images/I/612Sfz4fiOL.jpg"", ""https://m.media-amazon.com/images/I/71wImdVK1GL.jpg""]",2026-04-08T15:52:10.572584
1775663530,B0DQKY3R84,R3PFZ2Y167APOJ,Budgeted with Quality,Good sound quality and experiencing noise cancelation while phone calls. I recommend this product to everyone who want to purchase earphones in budget with quality.,5.0,https://www.amazon.in/gp/customer-reviews/R3PFZ2Y167APOJ,Yogesh H.,Reviewed in India on 6 April 2026,1,,[],2026-04-08T15:52:10.572604
1775663530,B0DQKY3R84,R1QC4J57H4LHF2,Amazing product 😍,Amazing product at this price. Thank you boAt,4.0,https://www.amazon.in/gp/customer-reviews/R1QC4J57H4LHF2,Ankit varma,Reviewed in India on 28 March 2026,1,,"[""https://m.media-amazon.com/images/I/71pxdoWy80L.jpg""]",2026-04-08T15:52:10.572615
1775663530,B0DQKY3R84,R1C1AO2YAHNT09,Genuine or refurbised???,"The media could not be loaded. 5 stars are only for sound output. I would like to bring to your notice that the main unit box appeared to be opened and repacked prior to delivery. Additionally, I observed a glue-like substance near the touchpad area of the left earbud, which raised concerns about the product’s condition. This led me to suspect that the item might be a refurbished product. I also noticed that I purchased the TWS at ₹1499, whereas the price was updated to ₹1999 by the end of the day, which further added to my doubts. Based on these observations, it seems that the product I received may have been refurbished or previously handled. Although the packaging appeared repacked and there was a glue-like residue on the left earbud, I did not request a return or replacement, as there are no visible scratches on the case or earbuds, and the sound quality is satisfactory. However, this situation raises a concern—if the delivered product itself appears refurbished or repaired, it is unclear whether a replacement would genuinely be a brand-new unit.",5.0,https://www.amazon.in/gp/customer-reviews/R1C1AO2YAHNT09,Raj N Kadam,Reviewed in India on 5 April 2026,1,,[],2026-04-08T15:52:10.572626
1775663530,B0DQKY3R84,R1R7VBBU4B1DIG,LDAC is awesome 👍🏻,LDAC connective is very good and supports hi-res audio But when used with multi connectivity (dual pair) LDAC does not turns on automatically Boat signature audio is better then knowles tuning,5.0,https://www.amazon.in/gp/customer-reviews/R1R7VBBU4B1DIG,Heet Jada,Reviewed in India on 5 April 2026,1,,[],2026-04-08T15:52:10.572650
1775663552,B0DHHDW7FV,RH7XBY8PPVWY7,Value for money,"Good product,worth for your money and sound quality is superb.",4.0,https://www.amazon.in/gp/customer-reviews/RH7XBY8PPVWY7,praveenkumar,Reviewed in India on 26 February 2026,1,,[],2026-04-08T15:52:32.082517
1775663552,B0DHHDW7FV,R2NP6SF3C6S5BU,Don't buy this model.,Very slow in connection with mobile phone. After several attempt it connected. Then one bud not working. Tried several time reset but problem not resolved. Contacted Noise support team but they are also not supporting. We are trying daily to connect them but not giving any response. Amazon should support us in such cases.,1.0,https://www.amazon.in/gp/customer-reviews/R2NP6SF3C6S5BU,Zeel,Reviewed in India on 9 January 2026,1,,[],2026-04-08T15:52:32.082534
1775663552,B0DHHDW7FV,R28C9VODNL3JC,Not perfect but good,Can’t say the noise cancellation is very good but it’s ok. The sound quality is also good.,4.0,https://www.amazon.in/gp/customer-reviews/R28C9VODNL3JC,Murugesan,Reviewed in India on 10 February 2026,1,,"[""https://m.media-amazon.com/images/I/817O-B2CfYL.jpg"", ""https://m.media-amazon.com/images/I/71kwN+pmqmL.jpg""]",2026-04-08T15:52:32.082550
1775894498,B0DXPL5XHF,RTK55VDUCI5M5,That's noise of galaxy***,"Looking good, sound quality was great ,Or smooth and comfortable",5.0,https://www.amazon.in/gp/customer-reviews/RTK55VDUCI5M5,RONI SEIKH,Reviewed in India on 7 April 2026,1,,[],2026-04-11T08:01:38.900441
1775894513,	B0DBHD2F5R,RHF1TNXTOJXPA,Case battery is worst,"Audio quality is good ,easy to using , bluetooth connection is good in listening music but bluetooth calling is average , build quality also good , buds battery is good and it will give almost 6 hours , but case battery is worst the maximum battery is giving only 8 hours,",3.0,https://www.amazon.in/gp/customer-reviews/RHF1TNXTOJXPA,ranjith,Reviewed in India on 6 April 2026,1,,[],2026-04-11T08:01:53.489346
1776267778,B0DXPL5XHF,RYO1NA52P9GQT,Value for money,Value for money product the sound quality is very good for the price range,5.0,https://www.amazon.in/gp/customer-reviews/RYO1NA52P9GQT,Harsha,Reviewed in India on 2 April 2026,1,,[],2026-04-15T15:42:58.243327
1776267782,B0DGV56J6G,RU1W9PU7YA0DJ,Froud Amazon chor amazon,"This is review of product after using 2 to 3 month. Poor quality product Facing problem from the first day Built quality is poor Sound quality is so poor Now facing problem in charging. Big salute to Amazon team and customer care they are tooo batmij... Shame on you amzon team and customer care fraud ,chor amazon, ghatiya amazon service We buy product from you and you are only responsible for the service regarding the product...",1.0,https://www.amazon.in/gp/customer-reviews/RU1W9PU7YA0DJ,Greta rani,Reviewed in India on 7 April 2026,1,One person found this helpful,[],2026-04-15T15:43:02.508533
1776267782,B0DGV56J6G,R2C6ERGAO326Y7,Ok product.,The looks are good. Battery life is good but is not as claimed. It fits ok. If you use spectacles then it causes a little inconvenience. There is a faint static noise if you are not listening to something. Otherwise sound quality is good. Connects easily. Mic quality is ok. Bit highly priced. The touch controls on the pods are a bit tricky.,4.0,https://www.amazon.in/gp/customer-reviews/R2C6ERGAO326Y7,D PAVAN RAO,Reviewed in India on 5 April 2026,1,One person found this helpful,[],2026-04-15T15:43:02.508553
1776267794,	B0DBHD2F5R,R3C87F2WPE948,Bestest,Best buds in this budget it's too good 😊,4.0,https://www.amazon.in/gp/customer-reviews/R3C87F2WPE948,Sameer Kumar,Reviewed in India on 11 April 2026,1,,"[""https://m.media-amazon.com/images/I/61CIgnDI+NL.jpg""]",2026-04-15T15:43:14.369892
1776267794,	B0DBHD2F5R,R2IENOJ4VO65VI,worth to buy,is prize me sabse best product hai. bohot achha output hai. easily without error fast connect ho jata hai. calling ke liye bhi achha hai clear voice ata hai aur samne wale ko bhi clear voice jaata hai. music bhi variety of settings ke sath sun sakte hai. touch response bhi perfect chal raha hai. jo jo festures boats ne claim kiye hai sab sahi chal raha hai. aap bindaas buy kariye.,5.0,https://www.amazon.in/gp/customer-reviews/R2IENOJ4VO65VI,Sanket kadam,Reviewed in India on 21 March 2026,1,,[],2026-04-15T15:43:14.369908
1776267794,	B0DBHD2F5R,R1LCIYU4AZLUG7,Premium feel and exceptional sound quality with flagship features.,Just got my hands on The BoAt Nirvana Ivy and i must say these earbuds are really exceptional..!It truly feels premium and sounds like amazing.Strongly recommended.,5.0,https://www.amazon.in/gp/customer-reviews/R1LCIYU4AZLUG7,ABHISHEK,Reviewed in India on 1 April 2026,1,One person found this helpful,"[""https://m.media-amazon.com/images/I/61f8f7-vmAL.jpg""]",2026-04-15T15:43:14.369923
1776267798,	B0F673HNLP,R3A2JGLOP1UJI3,Worst product..,Frequently left device disconnecting Lowwwww volume Even you increase your voice decibel to 100% which is not suppose to do same issue Forgot listening songs..you will not even hear to calls…. So i will not prefer to buy this product,1.0,https://www.amazon.in/gp/customer-reviews/R3A2JGLOP1UJI3,Sreedevi,Reviewed in India on 11 April 2026,1,,"[""https://m.media-amazon.com/images/I/71ArWokf8rL.jpg"", ""https://m.media-amazon.com/images/I/71IuYhGRxZL.jpg""]",2026-04-15T15:43:18.202849
1776499646,B0DXPL5XHF,R12KTQ9UBHZDIM,Excellent 👌🏻,"Been using the Boat Nirvana Zenith Pro earbuds for a while now, and honestly, they’re seriously impressive 🎧🔥 The sound quality is crisp and powerful — deep bass, clear vocals, and a balanced overall experience that makes every song feel better. Whether it’s music, movies, or calls, everything sounds premium. Comfort is on point, and they fit perfectly for long listening sessions without any issues. Plus, the design looks clean and stylish. Overall, totally worth it. If you're looking for great sound and a solid everyday pair of earbuds, these won’t disappoint 💯",5.0,https://www.amazon.in/gp/customer-reviews/R12KTQ9UBHZDIM,Vikas Panigrahi,Reviewed in India on 15 April 2026,1,,[],2026-04-18T08:07:26.261669
1776499663,	B0DBHD2F5R,R2PNHJ5S0SND0F,Connectivity & Battery Issues - Not Worth It,"I bought the boAt Nirvana Ivy 4 days ago and facing issues. Earbuds don’t disconnect in the case, ANC is weak, and battery lasted only 2 days. Not satisfied – going for replacement.",1.0,https://www.amazon.in/gp/customer-reviews/R2PNHJ5S0SND0F,Bharat Khandagale,Reviewed in India on 15 April 2026,1,,"[""https://m.media-amazon.com/images/I/71xTKpbOAzL.jpg""]",2026-04-18T08:07:43.243144
1776499671,B0DQKY3R84,R1UCWP5RUZ3TOU,". Design bhi premium lagta hai. Bas thoda aur bass hota to perfect hota.""","""Sound quality acchi hai aur battery backup bhi decent hai. Design bhi premium lagta hai. Bas thoda aur bass hota to perfect hota.""",5.0,https://www.amazon.in/gp/customer-reviews/R1UCWP5RUZ3TOU,Raja Kumar,Reviewed in India on 14 April 2026,1,,[],2026-04-18T08:07:51.089353
1776872770,B0DXPL5XHF,R2WC91298DZ420,Awesome product,Awesome sound quality with very effective noise cancellation and good battery life. Liked it very much.,5.0,https://www.amazon.in/gp/customer-reviews/R2WC91298DZ420,Swati,Reviewed in India on 17 April 2026,1,,[],2026-04-22T15:46:10.563252
1776872785,	B0DBHD2F5R,R2DG4E412O83Z8,It's not Spatial sound it's just loudness,"0 star if possible. Spatial sound, when we activate it is just an increase in loudness nothing else, no surrounding effects. And absolutely no bass. I don't know whether the product is defective or not. When I called the amazon customer care, they told it will be replaceable only with the service centre, and they can do it only if the boat customer care is denying the replacement!.",1.0,https://www.amazon.in/gp/customer-reviews/R2DG4E412O83Z8,dr surya,Reviewed in India on 18 April 2026,1,,[],2026-04-22T15:46:25.922261
1776872790,	B0F673HNLP,RB2J9ZYPK4EPO,Product quality,"Do not buy this product. I purchased it, and within 3 days of delivery it stopped working. After contacting Amazon, I found that no replacement was available. I also registered a complaint with the company, but there has been no response so far.",1.0,https://www.amazon.in/gp/customer-reviews/RB2J9ZYPK4EPO,Hir Gandhi,Reviewed in India on 18 April 2026,1,,[],2026-04-22T15:46:30.311636
1776872790,	B0F673HNLP,R1WVYF7SDRO1RU,Easy buds,Good value for money but others can also hear the sound. That's the main issue,3.0,https://www.amazon.in/gp/customer-reviews/R1WVYF7SDRO1RU,Placeholder,Reviewed in India on 12 April 2026,1,,[],2026-04-22T15:46:30.311657
1776872793,B0DQKY3R84,R230D1BNLPTT8Y,Audio is Outstanding 😎🔥,"The media could not be loaded. If your are bass lover 😎This TWS is for you cuz the two drivers delivers the frequency as studio quality, the low, mid and high are perfectly calibrated and using Wearables app you can adjust EQ as your wish like Sound Engineer 🤣, meanwhile i’m pair it with Iphone the spatial audio is outstanding, I didn’t exaggerate. I just convey what i feel. The design is lit 🔥 and connectivity is feasible as instant. Its Worth for what you paid ..👍🏻",5.0,https://www.amazon.in/gp/customer-reviews/R230D1BNLPTT8Y,SHIEK MOHAMED,Reviewed in India on 19 April 2026,1,,"[""https://m.media-amazon.com/images/I/71E4i28yOZL.jpg"", ""https://m.media-amazon.com/images/I/61uDTj4tnJL.jpg"", ""https://m.media-amazon.com/images/I/61EerP1LPpL.jpg""]",2026-04-22T15:46:33.596253
1776872797,B0DGV55W2K,RC6D987SOKHT8,Best earbirds,Quality best h,5.0,https://www.amazon.in/gp/customer-reviews/RC6D987SOKHT8,Pinky soni,Reviewed in India on 14 April 2026,1,,[],2026-04-22T15:46:37.916958
1777104856,B0DXPL5XHF,R2JC4MAC8CR3Q1,Boat Premium Nirvana Series.,It's a fabulous product. Noise cancellation 5/5. Audio Quality and Codec 5/5. Design 5/5. Worth buying it. Value for money. Great Job Boat. Thank you Amazon for the delivery.,5.0,https://www.amazon.in/gp/customer-reviews/R2JC4MAC8CR3Q1,Hardik Pratik Patel,Reviewed in India on 22 April 2026,1,,"[""https://m.media-amazon.com/images/I/51Fp64boxIL.jpg""]",2026-04-25T08:14:16.515682
1777104860,B0DGV56J6G,RP18KZRDVPTKQ,Awesome,Very good product,5.0,https://www.amazon.in/gp/customer-reviews/RP18KZRDVPTKQ,Amazon Customer,Reviewed in India on 21 April 2026,1,,[],2026-04-25T08:14:20.094697
1777104864,	B0DN171184,R26WZNNI4SY4B2,Heavily disappointed with the features at this price,Right side earbud isn't charging.!?!! Sound quality is good. I don't have any issues on that.. but the pairing is worst it always does not connect and without case I can't even turn on them. It doesn't support dual pairing!!! That too in 2000 rupees earbuds which is very hard to believe. I have been using boat products since 2020. This is the worst experience ever. Heavily disappointed,1.0,https://www.amazon.in/gp/customer-reviews/R26WZNNI4SY4B2,Prakhyath G,Reviewed in India on 16 September 2025,1,One person found this helpful,[],2026-04-25T08:14:24.210059
1777104877,	B0F673HNLP,R1F7KYM4APDZCU,Good for money,Mind blowing sound by noise,5.0,https://www.amazon.in/gp/customer-reviews/R1F7KYM4APDZCU,Anilkumar. Pal,Reviewed in India on 21 April 2026,1,,[],2026-04-25T08:14:37.078310
1777711661,B0DXPL5XHF,R2Y6QHIDEXZTMT,Very useful product,Nice product,5.0,https://www.amazon.in/gp/customer-reviews/R2Y6QHIDEXZTMT,Sachin sahni,Reviewed in India on 17 April 2026,1,,[],2026-05-02T08:47:41.168864
1777711669,	B0DN171184,R3VORV80KWPLSG,"The boAt Nirvana Ion ANC Pro is a powerhouse for anyone tired of constant charging,","Just got the Nirvana Ion ANC Pro and it’s a solid 5-star product.The Active Noise Cancellation really works, making my commute much quieter.Plus the battery lasts 2 to 3 days for continues use. Great value for money.....",5.0,https://www.amazon.in/gp/customer-reviews/R3VORV80KWPLSG,Abhishek d.,Reviewed in India on 3 April 2026,1,,[],2026-05-02T08:47:49.449234
1777711669,	B0DN171184,R3OR5M4LIBFX7G,Nothing,"Good battery backup, good sound qualityValue for money",4.0,https://www.amazon.in/gp/customer-reviews/R3OR5M4LIBFX7G,Sharif Zafri Muddassir,Reviewed in India on 9 December 2025,1,,[],2026-05-02T08:47:49.449254
1777711677,	B0DBHD2F5R,R23SVXAZVI4R7J,THIRD CLASS PRODUCT,"Very bad quality product.Charging case has battery issue, once you charge bud, its battery shows RED.If you use bud for 1-2 hours, its battery also goes down.Even after replacement, new bud is having the same issue. That is the reason for 90% discount.DNT BUYS THIS PRODUCT. THIRD CLASS PRODUCT.",1.0,https://www.amazon.in/gp/customer-reviews/R23SVXAZVI4R7J,Pravin,Reviewed in India on 29 April 2026,1,,[],2026-05-02T08:47:57.167495
1777711677,	B0DBHD2F5R,R1D65G9H2C8RJI,"Amazing Audio, Disappointing Battery Life","The battery life is disappointing—I have to charge these earbuds every 2 days. My previous boAt earbuds lasted up to 2 weeks or even a month. However, in terms of bass, clarity, ANC, and other features, these can easily outperform most TWS in the market.",4.0,https://www.amazon.in/gp/customer-reviews/R1D65G9H2C8RJI,Dr. Shashank Saxena,Reviewed in India on 24 April 2026,1,,[],2026-05-02T08:47:57.167514
1777711677,	B0DBHD2F5R,R1GZLM6UT273ZX,Very Good anc,Very goodShould need bluetooth for working of ancThe spatial effect was very goodWould have been fine if anc could be done seperately without bluetooth connectivity,5.0,https://www.amazon.in/gp/customer-reviews/R1GZLM6UT273ZX,SPriya,Reviewed in India on 29 April 2026,1,,[],2026-05-02T08:47:57.167526
1777711677,	B0DBHD2F5R,RXYAVBCM5FDAV,Build quality amazing,Awesome product.the build quality is amazing,5.0,https://www.amazon.in/gp/customer-reviews/RXYAVBCM5FDAV,Girish Meena,Reviewed in India on 28 April 2026,1,,[],2026-05-02T08:47:57.167534
1777711680,	B0F673HNLP,R2Q1QTM2NWWECT,Light weight,Little heavy than noise air clips and sound quality is good,3.0,https://www.amazon.in/gp/customer-reviews/R2Q1QTM2NWWECT,Bhumi,Reviewed in India on 26 February 2026,1,,[],2026-05-02T08:48:00.846730
1777711684,B0DQKY3R84,R1O06OGJEKOQTJ,Song and drive,Nice product but no ANC,4.0,https://www.amazon.in/gp/customer-reviews/R1O06OGJEKOQTJ,vijayakumar.D,Reviewed in India on 26 April 2026,1,,[],2026-05-02T08:48:04.948835
1778084012,	B0DBHD2F5R,R2U354WD4BIYWB,awesome product,"The standout feature here is the 360º spatial audio with dynamic head tracking, which genuinely adds a sense of depth and direction to music and movies. While it’s not as refined as high-end competitors, it’s impressive for the price and makes content feel more immersive. The sound profile leans slightly bass-heavy (typical of boAt), but mids and vocals remain fairly clear.",4.0,https://www.amazon.in/gp/customer-reviews/R2U354WD4BIYWB,Harsh Ranjan,Reviewed in India on 30 April 2026,1,,[],2026-05-06T16:13:32.377831
1778084012,	B0DBHD2F5R,R1KWRG7A5MRPM4,Sond is top notch,everything is good,5.0,https://www.amazon.in/gp/customer-reviews/R1KWRG7A5MRPM4,Rohit gill,Reviewed in India on 27 April 2026,1,,[],2026-05-06T16:13:32.377854
1778084016,	B0F673HNLP,R12ISH0TAWT3EE,Superb,Sound quality is good and easy to carry,5.0,https://www.amazon.in/gp/customer-reviews/R12ISH0TAWT3EE,Gautam sharma,Reviewed in India on 29 April 2026,1,,[],2026-05-06T16:13:36.311087
1778084020,B0DQKY3R84,R15SHAJXMSF9MD,Good quality sound and experience,"Sounds great, works well for music and games. Knowles EQ feature is not as good as expected, fit is good also",5.0,https://www.amazon.in/gp/customer-reviews/R15SHAJXMSF9MD,Aryann,Reviewed in India on 1 May 2026,1,,[],2026-05-06T16:13:40.531272
1778316994,B0DGV56J6G,R3AZJ0ZRBAMO7D,Noise pure pod,Product quantity is good but sound quality is not as satisfying,5.0,https://www.amazon.in/gp/customer-reviews/R3AZJ0ZRBAMO7D,Amazon Customer,Reviewed in India on 7 May 2026,1,,[],2026-05-09T08:56:34.502284
1778317022,B0DQKY3R84,R10LIKFS5FOWMJ,If sound quality is preferred it's a go to product,Very good product.....reliable....mic quality is good I got it for 1449...if the price is under 1.5k then very good deal....a little less battery of the case but the battery of the earbuds are very good.... Insane sound quality.... very good product...,5.0,https://www.amazon.in/gp/customer-reviews/R10LIKFS5FOWMJ,Dipayan Ghosh,Reviewed in India on 2 May 2026,1,2 people found this helpful,[],2026-05-09T08:57:02.525772
1778317022,B0DQKY3R84,RETKIBEDTPDH2,The ear pod is comes in nice quality,Product is very good.. quality is excellent,4.0,https://www.amazon.in/gp/customer-reviews/RETKIBEDTPDH2,Nilesh,Reviewed in India on 26 April 2026,1,One person found this helpful,[],2026-05-09T08:57:02.525793
1778690225,B0DXPL5XHF,R3A7CRP8IXRG8C,Sound quality,Sound quality can be enhance as bass is not that much what is expected. But overall nice product,4.0,https://www.amazon.in/gp/customer-reviews/R3A7CRP8IXRG8C,Saurabh Srivastava,Reviewed in India on 8 May 2026,1,,[],2026-05-13T16:37:05.480495
1778690225,B0DXPL5XHF,R2M6BGQEU4531N,Value for money,"One of the best airpod in this range segment. Good ANC , Clear voice. Value for money product",5.0,https://www.amazon.in/gp/customer-reviews/R2M6BGQEU4531N,Tarun,Reviewed in India on 8 May 2026,1,,[],2026-05-13T16:37:05.480513
1778690234,	B0DN171184,R1PS6UD7IVNE7J,Better quality,"The boAt Nirvana ION PRO provides you a clear audio, great sound quality and good bass. I bought these earbuds as my friend suggested me to buy premium earbuds ata reasonable price. The previous users find these earbuds very comfortable to wear for long periods and appreciate the long battery life. Its 32db noise cancellation will feel you disconnected from surroundings if yiu are an introvert. The touch controls are easy to use, making it convenient to operate. The 3D sound feature enhances the listening experience, allowing you to enjoy every detail in your music. With a stylish look and affordable price. These boat high performing esrbuds will never make you feel that you have wasted your money. Its like investment 💯",5.0,https://www.amazon.in/gp/customer-reviews/R1PS6UD7IVNE7J,Alim Uddin ,Reviewed in India on 19 December 2024,1,4 people found this helpful,"[""https://m.media-amazon.com/images/I/71ED9xY9KlL.jpg"", ""https://m.media-amazon.com/images/I/71M+ciDFaZL.jpg""]",2026-05-13T16:37:14.230256
1778690238,B0DHH96NBB,R20CYJ56KP6OW,Scam company. Sent back the same faulty product and closed my complaint.,"I honestly can’t believe how fraudulent this company is. I bought the Noise Air Buds Pro 6 and right from the start, they had connectivity issues — especially with Google Fast Pair and the Noise app. I raised a complaint and sent the product in, expecting a replacement. Instead, they sent me back the exact same defective product, claiming it was ""fixed."" Spoiler: nothing was fixed. The issue was still there, and I even sent them screenshot proof that the problem hadn’t been resolved. You’d think they’d finally take it seriously, right? Nope. They just went ahead and closed my ticket without doing anything further. No follow-up, no replacement, no refund. Just silence. Noise is literally scamming customers by pretending to fix issues and then ghosting them. Their customer service is useless, and their quality check is clearly a joke. Don’t fall for the hype. Avoid this brand if you value your time, money, or basic respect.",1.0,https://www.amazon.in/gp/customer-reviews/R20CYJ56KP6OW,Sanjo Joseph,Reviewed in India on 7 June 2025,1,34 people found this helpful,"[""https://m.media-amazon.com/images/I/61h5EniXIiL.jpg""]",2026-05-13T16:37:18.297981
1778690242,	B0DBHD2F5R,R25Y3O9PJ90BML,Sound quality not up to the mark👎,"The design, comfort and connectivity is up to the mark but honestly I am disappointed with the sound quality☹️. I thought the sound quality was best in class but I am totally disappointed. One plus is the best in TWS category. 4 star is for the design only.",4.0,https://www.amazon.in/gp/customer-reviews/R25Y3O9PJ90BML,Manohar G.,Reviewed in India on 11 May 2026,1,,[],2026-05-13T16:37:22.780155
1778690242,	B0DBHD2F5R,R2V9EZ0JPFVMGI,Nirvana IVY,"Whatttta earbuds , super design and good quality music , anc is good , 3Dspatial audio is on another level , the perfect earbuds got in on Amazon great summer deal at only Rs.1700 for the price it's super worth it . One thing is earbuds are heavy so causes litter bit of ear pain that's it . Go for it",5.0,https://www.amazon.in/gp/customer-reviews/R2V9EZ0JPFVMGI,Harish,Reviewed in India on 9 May 2026,1,,"[""https://m.media-amazon.com/images/I/71X46yFXaVL.jpg""]",2026-05-13T16:37:22.780178
1778690242,	B0DBHD2F5R,R100KRW12HRHF1,Good sound,Good,5.0,https://www.amazon.in/gp/customer-reviews/R100KRW12HRHF1,Yash,Reviewed in India on 11 May 2026,1,,[],2026-05-13T16:37:22.780193
1778690242,	B0DBHD2F5R,R7BM63MHLFTOJ,"Very best product for daily uses,anc quality is very good , buy this product without thinking","Very best product for daily uses,anc quality is very good , buy this product without thinking",5.0,https://www.amazon.in/gp/customer-reviews/R7BM63MHLFTOJ,Gaurav Tiwari,Reviewed in India on 9 May 2026,1,,[],2026-05-13T16:37:22.780201
1778690242,	B0DBHD2F5R,R3W4CX9ZY13UJ8,Overall good,"Good in all aspects ,but when using anc and head tracking battery draining faster and Low ANC . Good connectivity,Weight less, Attractive colour,small in size,call quality is ok",4.0,https://www.amazon.in/gp/customer-reviews/R3W4CX9ZY13UJ8,Musturu Parameswara Reddy,Reviewed in India on 7 May 2026,1,,"[""https://m.media-amazon.com/images/I/71lQENop8TL.jpg""]",2026-05-13T16:37:22.780212
1778690247,	B0F673HNLP,R3LPY57OLCMJX,Worst product don't buy it,"Worst product, Waste of money, While calling opposite person can't hear the voice. Very very much disturbing voice and ther is no Noice cancelation option in it. They are looting customer",1.0,https://www.amazon.in/gp/customer-reviews/R3LPY57OLCMJX,Zaheeruddin Bangalore,Reviewed in India on 29 April 2026,1,,[],2026-05-13T16:37:27.236022
1778690251,B0DQKY3R84,R35OMHI50OGYNP,very good bass and comfortable on the ear highly would recommend to buy this airdopes,product is overall very good but sometimes the TWS itself pauses the music which is kind of annoying but overall all about the product is very nice and it is also very comfortable on the ear. it is also a value for money as i got it for 2k this are one of the most budget friendly TWS you can ever find this is a msat buy product,5.0,https://www.amazon.in/gp/customer-reviews/R35OMHI50OGYNP,Vihaan Gollapalli,Reviewed in India on 8 May 2026,1,,[],2026-05-13T16:37:31.827200
1778690251,B0DQKY3R84,R19YDME9IYWLDH,Okay product  decent bass that's all,Okay product good bass,3.0,https://www.amazon.in/gp/customer-reviews/R19YDME9IYWLDH,Hisamdeen,Reviewed in India on 9 May 2026,1,,"[""https://m.media-amazon.com/images/I/711sN+kQp-L.jpg""]",2026-05-13T16:37:31.827223
1778690260,B0DHHDW7FV,R20CYJ56KP6OW,Scam company. Sent back the same faulty product and closed my complaint.,"I honestly can’t believe how fraudulent this company is. I bought the Noise Air Buds Pro 6 and right from the start, they had connectivity issues — especially with Google Fast Pair and the Noise app. I raised a complaint and sent the product in, expecting a replacement. Instead, they sent me back the exact same defective product, claiming it was ""fixed."" Spoiler: nothing was fixed. The issue was still there, and I even sent them screenshot proof that the problem hadn’t been resolved. You’d think they’d finally take it seriously, right? Nope. They just went ahead and closed my ticket without doing anything further. No follow-up, no replacement, no refund. Just silence. Noise is literally scamming customers by pretending to fix issues and then ghosting them. Their customer service is useless, and their quality check is clearly a joke. Don’t fall for the hype. Avoid this brand if you value your time, money, or basic respect.",1.0,https://www.amazon.in/gp/customer-reviews/R20CYJ56KP6OW,Sanjo Joseph,Reviewed in India on 7 June 2025,1,34 people found this helpful,"[""https://m.media-amazon.com/images/I/61h5EniXIiL.jpg""]",2026-05-13T16:37:40.024758
1778922553,B0DGV56J6G,R3CJYJ417UMZBA,Stylish Design But Serious Performance & Connectivity Issues,"I bought Noise AirClips on 8th april 2026 from Amazon. Since then I am facing quite a few number of problems. 1. Frequent disconnections and unable to stay connected to a single device even though I am using both clips together and its already connected to laptop gets disconnected automatically and connects to my mobile phone. 2. After 2 days of usage left ear clip is not switching on even if its fully charged. Tried long pressing to reset the left airclips, tried putting it inside the case to turn it on yet not working. Its only turning on when plugged in with the charger once I am taking it out its turning off again. 3. Looks very cool when worn but very poor sound quality. The earbuds are very much unfit to be worn in public as I can hear more of public noises than what I am hearing on the Airclips. And on call sound is also very much low and unclear.",2.0,https://www.amazon.in/gp/customer-reviews/R3CJYJ417UMZBA,Ahana Podder,Reviewed in India on 25 April 2026,1,,[],2026-05-16T09:09:13.811581
1778922576,B0DQKY3R84,R3G2R7PQWPKLDE,Nice product,It&#x27;s very nice product Bass and music quality nice,5.0,https://www.amazon.in/gp/customer-reviews/R3G2R7PQWPKLDE,Parves Aman,Reviewed in India on 12 May 2026,1,,[],2026-05-16T09:09:36.605505
1778922580,B0DGV55W2K,R1S17FAWZCQLDF,Loved it,Awesome product,4.0,https://www.amazon.in/gp/customer-reviews/R1S17FAWZCQLDF,Anshika Yadav,Reviewed in India on 8 May 2026,1,,[],2026-05-16T09:09:40.887908
1778922580,B0DGV55W2K,R2U0GD4RG2E6SF,Medium,Best product but i think it was refurbished but still great it has crystal clear sound but no EQ and also no support of app simple clear voice,3.0,https://www.amazon.in/gp/customer-reviews/R2U0GD4RG2E6SF,Abi mann,Reviewed in India on 10 May 2026,1,,[],2026-05-16T09:09:40.887927
1778922580,B0DGV55W2K,RLDBRVMKZ6EMA,Sound quality and battery life both are good,Value for money product,4.0,https://www.amazon.in/gp/customer-reviews/RLDBRVMKZ6EMA,pratap thakur,Reviewed in India on 6 April 2026,1,,[],2026-05-16T09:09:40.887939
1779298540,B0DXPL5XHF,R3SU3B62IS28DN,Boat Nirvana airpods,"The airpods are really good, trust me. I bought this in January, but I&#x27;m writing the review in May. I dropped the airpods into water by mistake and I had to clean it with soap unfortunately. I dried it in fan for like an hour and let it dry again for 3 hrs. It is working perfectly fine. I&#x27;m so happy that I paid a lot and didn&#x27;t get disappointed.",5.0,https://www.amazon.in/gp/customer-reviews/R3SU3B62IS28DN,Shruthika,Reviewed in India on 15 May 2026,1,,[],2026-05-20T17:35:40.303167
1779298544,B0DGV56J6G,R67LI5U561ZUP,Attractive..,Excellent Product.,5.0,https://www.amazon.in/gp/customer-reviews/R67LI5U561ZUP,vilas,Reviewed in India on 16 May 2026,1,,[],2026-05-20T17:35:44.567096
1779298544,B0DGV56J6G,RMJB3Y4APPU8G,Good product,"The packaging was very satisfactory, voice quality is also good. Design n look is also super",5.0,https://www.amazon.in/gp/customer-reviews/RMJB3Y4APPU8G,SHAGUFTA NAAZ,Reviewed in India on 17 May 2026,1,One person found this helpful,[],2026-05-20T17:35:44.567112
1779298548,	B0DN171184,R1V2DJBBYLE9PV,Quality,Product quality and sound is very good,5.0,https://www.amazon.in/gp/customer-reviews/R1V2DJBBYLE9PV,Ashish phadke,Reviewed in India on 14 May 2026,1,,[],2026-05-20T17:35:48.980573
1779298548,	B0DN171184,RM42MZM2FM98L,"No Returns , Bad Quality","No Returns is a pathetic things when the product is off the retail shelves.Extremely bad sound qualityProduct fit is an issue.Ears start paining after an hour of use.Only tap controls.No Active Noise Cancellation that can be felt. I was able to hear all the background noise when on a call.They do not have returns, be cautious when ordering this crap.",1.0,https://www.amazon.in/gp/customer-reviews/RM42MZM2FM98L,Akshay,Reviewed in India on 19 December 2025,1,,[],2026-05-20T17:35:48.980588
1779298567,	B0DBHD2F5R,R1LW92SFHQASLC,Great product,Beautiful and clear and base is so loud,5.0,https://www.amazon.in/gp/customer-reviews/R1LW92SFHQASLC,Lakshay,Reviewed in India on 16 May 2026,1,,[],2026-05-20T17:36:07.796511
1779298567,	B0DBHD2F5R,R2L9FNSZMXB61T,Great product worth it highly recommended,Amazing sound qualityGood music experienceWorth the price(1600rs)Anc experience top notchTouch controls work amazingly goodMic quality also greatVery good and fast connectivityBuds are bit bulky and bit heavyCan be tiring in long hearing sessions,5.0,https://www.amazon.in/gp/customer-reviews/R2L9FNSZMXB61T,Hari Prasad S,Reviewed in India on 15 May 2026,1,,[],2026-05-20T17:36:07.796526
1779298567,	B0DBHD2F5R,R2UL7L5WLW77BN,Moderate battery life,"Battery life is like 3/5...not up to the mark, could have been better!!Call quality is 4/5...cuts traffic noise, voices clear, microphone could have been better!!Superb bass and sound quality!!Special audio and head tracking is amazing!!ANC is 4/5...cuts engine noise, humming sounds, normal conversations, but feels conjested!!",4.0,https://www.amazon.in/gp/customer-reviews/R2UL7L5WLW77BN,CeeCee,Reviewed in India on 10 May 2026,1,,[],2026-05-20T17:36:07.796538
1779298571,	B0F673HNLP,R39UGCLXXSPUBH,Bad after sales service,"Terrible product and even worse customer service! The right earphone makes a constant tapping noise on its own — completely unusable. Raised a complaint and instead of a replacement, they redirected me to a troubleshooting page that had NO steps for my specific issue. Wrote back informing them of this, and they simply closed my ticket without any resolution. Absolutely pathetic after-sales support. Save your money and avoid this brand entirely.",1.0,https://www.amazon.in/gp/customer-reviews/R39UGCLXXSPUBH,KSHITIJ RATNAKAR JADHAV,Reviewed in India on 15 May 2026,1,One person found this helpful,[],2026-05-20T17:36:11.710581
1779298576,B0DQKY3R84,R1A7N8VP1NRDL6,Better sound quality.,Best sound quality. This buds has clear sound effects. LDAC and HD audio feature is good.,5.0,https://www.amazon.in/gp/customer-reviews/R1A7N8VP1NRDL6,Bhanu Chakrawarti,Reviewed in India on 17 May 2026,1,,[],2026-05-20T17:36:16.872317
1779298576,B0DQKY3R84,R3VIXK2REA3OR0,Best product.. Worth it,It has clear voice.. No problem with it.. Can buy,5.0,https://www.amazon.in/gp/customer-reviews/R3VIXK2REA3OR0,Ahalya Narsimha Bhat ,Reviewed in India on 15 May 2026,1,,[],2026-05-20T17:36:16.872332
1779527883,B0DXPL5XHF,R386QL9QVJC4MK,Good for music,"BoAt Nirvana Zenith Pro has been a good product overall. Sound quality and comfort are nice, and my experience so far has been positive. Battery backup is also decent.One concern is the plastic build quality—the plastic feels a bit soft and bends easily, especially when kept in tight jeans pockets. It gives the impression that it might break if handled roughly. However, despite that concern, it has been working fine till now.Overall, a good product, but the build could have been sturdier.",5.0,https://www.amazon.in/gp/customer-reviews/R386QL9QVJC4MK,Bhubesh,Reviewed in India on 14 May 2026,1,,[],2026-05-23T09:18:03.660447
1779527883,B0DXPL5XHF,R3E8J0LC505H2B,"Good one in below 2K price range... But microphone is just ok, improvement required.","The boAt Nirvana Zenith Pro stands out as a good option in its segment.The 50dB Hybrid Adaptive ANC effectively dampens ambient noise for a focused experience.Battery performance is a major highlight, offering a very reliable and excellent backup.While the sound is clear and balanced, it isn&#x27;t &quot;ear-splittingly&quot; loud, which many prefer.The bass is decent and punchy without muddying the mid-range frequencies.However, the &quot;microphone quality needs improvement to ensure better call clarity&quot;.Background noise can sometimes seep into conversations during outdoor voice calls.Overall, it is a solid, feature-packed performer for its current price range.",4.0,https://www.amazon.in/gp/customer-reviews/R3E8J0LC505H2B,SNH,Reviewed in India on 8 May 2026,1,,[],2026-05-23T09:18:03.660472
1779527891,	B0DN171184,R3V8IVOGENHXH8,Good,Good product,4.0,https://www.amazon.in/gp/customer-reviews/R3V8IVOGENHXH8,Arun,Reviewed in India on 20 May 2026,1,,[],2026-05-23T09:18:11.532993
1779527912,B0DQKY3R84,R4119D31W2SP6,Battery backup not good,Sound quality is good but battery backup of both earbuds and case is not good.On spatial mode battery backup of earbuds becomes worse.,3.0,https://www.amazon.in/gp/customer-reviews/R4119D31W2SP6,After waiting for a week it was not delivered to me.I was asked to wait for for one more week or cancel the order. After I cancelled the order they deducted Rs 10 from refund.If they can't deliver why they keep customers in deception. ,Reviewed in India on 20 May 2026,1,,[],2026-05-23T09:18:32.135150
1779903455,B0DGV56J6G,R2NAV6A9GSP75B,Low qualiy standards of Noise products.,"Manufacturing defect.Battery backup was only for 1 day after 6 months usageBattery swelling issue within 11 months.Earphones performance is good, but case is broken itself due to battery swelling.Too much dissatisfied with this product.Noise is OK with this issue as they have completed their warranty period of 1 year.Logically team must look for the RCA for improvement in product.ButDon&#x27;t buy noise products, as they are not working on product failure even it is a border line case in terms of warranty.",1.0,https://www.amazon.in/gp/customer-reviews/R2NAV6A9GSP75B,kavindra singh mer,Reviewed in India on 14 May 2026,1,2 people found this helpful,[],2026-05-27T17:37:35.384763
1779903460,	B0DN171184,R24COZE2EYLAK,Looks bulky in size on Ears,"It&#x27;s big in size...Not as slim and compact like boat , Jbl..And other...",3.0,https://www.amazon.in/gp/customer-reviews/R24COZE2EYLAK,Arpit Soni,Reviewed in India on 10 April 2026,1,,[],2026-05-27T17:37:40.128453
1780133308,B0DXPL5XHF,R34URIURLRD75I,Don't think just go for it,Sound quality just Next level.Before buy only check whether your mobile is LDAC supported or not.That&#x27;s all.Call quality excellent.Very comfortable and excellent fir.Just use it and forget about battery life.Don&#x27;t think just go for it.,5.0,https://www.amazon.in/gp/customer-reviews/R34URIURLRD75I,SHANTANU DEY,Reviewed in India on 25 May 2026,1,,[],2026-05-30T09:28:28.062889
1780133327,	B0DBHD2F5R,RURFD26IA225G,Nice sound quality,Value for money under 2000 and a very good sound quality,5.0,https://www.amazon.in/gp/customer-reviews/RURFD26IA225G,Ramji Tidani,Reviewed in India on 24 May 2026,1,,[],2026-05-30T09:28:47.858489
1780133331,	B0F673HNLP,RXY2NKKVODZ0K,Very bad experience,"Very bad experience with this product and Amazon support. One of my earbuds was defective from the beginning. As soon as it connects, it keeps making noise every 2-3 seconds continuously. The sound quality and overall experience are terrible.I already tried multiple times to return this item. There was no proper return option from Amazon’s side. I even reported issues earlier, but still no support or resolution was provided. Now the product condition is getting even worse day by day.The company side is also not responding properly. Completely disappointed after spending more than ₹2000 on this product. Not recommended at all.",1.0,https://www.amazon.in/gp/customer-reviews/RXY2NKKVODZ0K,Arhan Malik,Reviewed in India on 27 May 2026,1,,[],2026-05-30T09:28:51.780817
1780133337,B0DQKY3R84,R16OO647ECDBAE,Good,Good product,4.0,https://www.amazon.in/gp/customer-reviews/R16OO647ECDBAE,Hari Kishan ,Reviewed in India on 27 May 2026,1,,[],2026-05-30T09:28:57.688854
1780511606,B0DGV56J6G,R3KIPMXJBNF7UN,Good item,Good item,5.0,https://www.amazon.in/gp/customer-reviews/R3KIPMXJBNF7UN,Umesh Kotian,Reviewed in India on 27 May 2026,1,,[],2026-06-03T18:33:26.883435
1780511611,	B0DN171184,R9Q1NEKQKFP3A,Good,My experience is very good with this product nice sound quality.,4.0,https://www.amazon.in/gp/customer-reviews/R9Q1NEKQKFP3A,Utkarsha Dusing,Reviewed in India on 23 May 2026,1,,[],2026-06-03T18:33:31.293583
1780511611,	B0DN171184,RG4VCMUR9QCX4,Long Battery Life,Very Good,5.0,https://www.amazon.in/gp/customer-reviews/RG4VCMUR9QCX4,Mahendra Singh Meena,Reviewed in India on 14 May 2026,1,,[],2026-06-03T18:33:31.293600
1780511633,	B0F673HNLP,R3LK9GPU8A5ST4,"Good for music, but very poor for calling","I recently purchased the Noise Air Clips Pro Wireless Open-Ear Earbuds (2026), and my experience has been mixed.For music, the earbuds are decent. The sound quality is fine for casual listening, and the open-ear design is comfortable for long usage.However, the biggest issue is the microphone and calling quality. It is extremely poor. The person on the other end struggles to hear clearly, and there is a lot of disturbance and inconsistency during calls. This makes it unreliable for meetings or regular phone conversations.Overall, this product is not suitable if your main purpose is calling. It works okay for listening to music, but the mic performance is a major drawback.",1.0,https://www.amazon.in/gp/customer-reviews/R3LK9GPU8A5ST4,Shameer,Reviewed in India on 15 May 2026,1,4 people found this helpful,[],2026-06-03T18:33:53.176503
1780511633,	B0F673HNLP,R3UCKJWSUFTRXH,Good Product,Quality is good,5.0,https://www.amazon.in/gp/customer-reviews/R3UCKJWSUFTRXH,Faiz Ahmad,Reviewed in India on 1 June 2026,1,,[],2026-06-03T18:33:53.176530
1780511633,	B0F673HNLP,R1C6QEX4RFGZ8I,"misleading , very bad product not to buy too costly also not wort spending","I bought the Noise Air Clips Pro Wireless Open-Ear Earbuds (2026), and from the very beginning the experience has been disappointing.The audio quality is poor — you can hear sound, but speech and voice clarity are so bad that it’s difficult to understand what the other person is saying. The microphone performance is even worse. During calls, people often can’t hear my voice properly at all.Another frustrating issue is device switching. Whenever I connect the earbuds to another device, they get stuck or stop responding correctly. Music playback is also weak and unclear, even at high volume levels.Physically the product looks fine, but performance-wise it’s one of the worst earbuds I’ve used. Completely not worth the money.Would not recommend buying this product.",1.0,https://www.amazon.in/gp/customer-reviews/R1C6QEX4RFGZ8I,sanjeev mishra,Reviewed in India on 20 May 2026,1,One person found this helpful,[],2026-06-03T18:33:53.176540
1780511633,	B0F673HNLP,R36H5GXF7MIGYS,Great product,"Great quality, good music, super comfortable",5.0,https://www.amazon.in/gp/customer-reviews/R36H5GXF7MIGYS,Sanket Kanodia,Reviewed in India on 12 May 2026,1,2 people found this helpful,[],2026-06-03T18:33:53.176564
1780511633,	B0F673HNLP,RH0KXP06R9D8H,Poor quality of audio. Not worth,Received my product today in same day delivery. Audio quality is not so good in 3k rupees value earbuds. Fits perfectly. But quality of audio is very very poor.Not worth to pay 3k for average quality.,3.0,https://www.amazon.in/gp/customer-reviews/RH0KXP06R9D8H,Bhagyesh,Reviewed in India on 9 May 2026,1,2 people found this helpful,[],2026-06-03T18:33:53.176574
1780738354,B0DXPL5XHF,R2R8VM583QBROQ,just wonderful 🔥,it was a wonderful product the sound quality is very nice and the anc is very nice and in one word just a wonderful product ✨,5.0,https://www.amazon.in/gp/customer-reviews/R2R8VM583QBROQ,Sambath,Reviewed in India on 2 June 2026,1,,[],2026-06-06T09:32:34.540847
1780738354,B0DXPL5XHF,R2X42IXDNBUSZ7,Not for Active workouts,"Writing this review after using the product for couple of months.While the looks and sound are great, the product starts behaving strangely during workout. It suddenly switches off on one earpiece and doesn&#x27;t get switched on, not a great product when you&#x27;re using it for running",3.0,https://www.amazon.in/gp/customer-reviews/R2X42IXDNBUSZ7,Arun Kumar Reddy,Reviewed in India on 16 March 2026,1,One person found this helpful,[],2026-06-06T09:32:34.540867
1780738381,	B0DBHD2F5R,R2ASROGD5SW16B,Expensive garbage,Ok so i am giving the review after 1 year of use if you busy short review for you ( this is rubbish earbud) long review: in 1 year my earbuds get replaced by boat 2 times these earbuds have software glitch they may not disconnect even after putting them into box they may not connect to 2 device every time you may need to switch off switch on the earbud anc is not so top notch avg during calls when anc is important they don&#x27;t work yeah this is not bug this is feature u have to open app and from app u need to switch for anc u may also have to repeat switch off and on for the normal connectivity bcoz it have bug audio quality is decent not so top notch mic?? U won&#x27;t believe even if someone buzzz na u may not listen there voice but the person whome u calling will listen definitely so mic quality is also poor i regretting buying this earbud from core 🙂,1.0,https://www.amazon.in/gp/customer-reviews/R2ASROGD5SW16B,Ashish ram,Reviewed in India on 3 June 2026,1,One person found this helpful,[],2026-06-06T09:33:01.249620
1780738388,B0DQKY3R84,R10OAHSEVIO941,"Really good, only lacks at battery",Except Battery everything is very top notch. The audio quality on laptop tv mobile everything is really really top notch.,4.0,https://www.amazon.in/gp/customer-reviews/R10OAHSEVIO941,Jai mauli,Reviewed in India on 2 June 2026,1,,[],2026-06-06T09:33:08.945825
1781113219,B0DGV56J6G,R2VOLNSDV6SA9U,Not worth the price & performance,Not Good. Price is very high in comparative to performance. i bought it in Dec&#x27;25 &amp; 7 days ago one headset stopped working. charging issue also occured. did the reset so many times but now have to leave it because there is no service center in kolkata.,1.0,https://www.amazon.in/gp/customer-reviews/R2VOLNSDV6SA9U,Apurv Ankur,Reviewed in India on 4 June 2026,1,One person found this helpful,[],2026-06-10T17:40:19.582375
1781113219,B0DGV56J6G,R1F97CXSVS8Z6G,Worst Product Ever,"Worst product ever..Doesn&#x27;t connect properly..many glitches.sometimes right side air clip doesnt work entirely.placed replacement request immidiately after testing it but no answers yet.Can not connect to service center directly.Have used many ear buds till date,but these ones are the worst.Or may be I have received the defective piece but no answers regarding any service related querries.No solution yet.",1.0,https://www.amazon.in/gp/customer-reviews/R1F97CXSVS8Z6G,Anand,Reviewed in India on 7 June 2026,1,,[],2026-06-10T17:40:19.582398
1781113224,	B0DN171184,R16IILW5T8S5AX,Not fit,Not fit,1.0,https://www.amazon.in/gp/customer-reviews/R16IILW5T8S5AX,Abhishek Mishra,Reviewed in India on 6 June 2026,1,,[],2026-06-10T17:40:24.562063
1781113224,	B0DN171184,R3LFOBDVNMAV87,Boat Niravan Ion ANC pro,I&#x27;m so much satisfied with the product. The fitting is bit off but the sound quality is awesome and it seems durable. I think it&#x27;s one of the best in this price range with such a huge battery and awesome sound quality with advance features,4.0,https://www.amazon.in/gp/customer-reviews/R3LFOBDVNMAV87,Souptik pahari,Reviewed in India on 5 June 2026,1,,[],2026-06-10T17:40:24.562080
1781113244,B0DQKY3R84,R37NY2306G77HB,"Sound, bass, all sounds good",Good tws,4.0,https://www.amazon.in/gp/customer-reviews/R37NY2306G77HB,E k.,Reviewed in India on 6 June 2026,1,,[],2026-06-10T17:40:44.672033
1781345438,B0DXPL5XHF,R2WWUTRRJFT00F,Good product,Its good and useful at its price,5.0,https://www.amazon.in/gp/customer-reviews/R2WWUTRRJFT00F,Sourav Saha,Reviewed in India on 9 June 2026,1,,[],2026-06-13T10:10:38.155845
1781345460,	B0F673HNLP,R2J7K26MR6QS6B,Bdhiya,Bdhiya,5.0,https://www.amazon.in/gp/customer-reviews/R2J7K26MR6QS6B,Dev,Reviewed in India on 11 June 2026,1,,[],2026-06-13T10:11:00.919422
1781717203,B0DXPL5XHF,R2UC6U769CHSRY,Best product with many special features for this price range,"I guess many of us don&#x27;t know about the features present in the Boat hearables app, once u install it and check out the features all the negative comments might get out of ur mind.For people saying there is no bass in this product , check the automatic Equalizer feature and take the 4 min audio test to personalize the product to ur taste.U can switch from LDAC TO SBC OR AAC in ur settings.Apart from that all the other features are pretty good , long battery life , classic appearance, light weight and compact for ear size (use the ear bud size preferred for u ) ,good call quality but not hd , good comfort and latency is not noticable",4.0,https://www.amazon.in/gp/customer-reviews/R2UC6U769CHSRY,Sakthivel,Reviewed in India on 12 June 2026,1,,[],2026-06-17T17:26:43.229385
1781717203,B0DXPL5XHF,R1F5E5VOFERLX9,Bass boost,Very Nice and Valuable,5.0,https://www.amazon.in/gp/customer-reviews/R1F5E5VOFERLX9,Bhanu Awasthi,Reviewed in India on 13 June 2026,1,,[],2026-06-17T17:26:43.229411
1781717220,	B0DBHD2F5R,R3BRU7CH7XHCPE,Great product,S really nice and all the futures mentioned work extremely nicely,5.0,https://www.amazon.in/gp/customer-reviews/R3BRU7CH7XHCPE,Daniel Khan,Reviewed in India on 12 June 2026,1,,[],2026-06-17T17:27:00.313453
1781717229,B0DQKY3R84,R107J4YW70YT6M,Don't buy this product,"I am very disappointed with this product. I purchased it only 4 months ago, and the earphones have already stopped working properly. The sound quality is poor, and the battery performance is far below what was promised.The company claims up to 40 hours of battery life, but in my experience, it doesn&#x27;t even last 24 hours with normal usage. Overall, the product quality is not satisfactory, and I would not recommend buying it.",1.0,https://www.amazon.in/gp/customer-reviews/R107J4YW70YT6M,sasikumar.P,Reviewed in India on 13 June 2026,1,One person found this helpful,[],2026-06-17T17:27:09.004844
1781717229,B0DQKY3R84,R1N959SMRTQVQM,Satisfied with product,Satisfied,5.0,https://www.amazon.in/gp/customer-reviews/R1N959SMRTQVQM,Lochan Chennur,Reviewed in India on 30 May 2026,1,,[],2026-06-17T17:27:09.004878
1781950584,B0DXPL5XHF,R2FX212NVZHI5X,Best earbuds,"Its sound quality is amazing. Fits perfectly in ears, without any trouble. long battery life which keeps it long performance. Sound and bass clarity is smooth. Easily can be connected with other devices. Too light to carry. Plastic built quantity is good.",5.0,https://www.amazon.in/gp/customer-reviews/R2FX212NVZHI5X,Satyam,Reviewed in India on 17 June 2026,1,,[],2026-06-20T10:16:24.356956
1781950613,B0DQKY3R84,R3EUB31PCH1WEZ,Good peoduct,Loved the earphones... been using it for months now... sounds Good.,5.0,https://www.amazon.in/gp/customer-reviews/R3EUB31PCH1WEZ,The Rajas,Reviewed in India on 16 June 2026,1,,[],2026-06-20T10:16:53.335937
1781950613,B0DQKY3R84,R3KXK7WJFD2AOL,Good 👍,I am Happy sounds good 👍,5.0,https://www.amazon.in/gp/customer-reviews/R3KXK7WJFD2AOL,Rajib das,Reviewed in India on 14 June 2026,1,,[],2026-06-20T10:16:53.335951
1781950613,B0DQKY3R84,R1CV35L04WK2T9,Best nirvana x earbuds,Good product,5.0,https://www.amazon.in/gp/customer-reviews/R1CV35L04WK2T9,Sakib,Reviewed in India on 15 June 2026,1,,[],2026-06-20T10:16:53.335962
1781950613,B0DQKY3R84,R1R25RRRQPH3TH,Good in this price range,"Some function of TWS won&#x27;t work without app connection, Like tap to pause.Sound quality is good",4.0,https://www.amazon.in/gp/customer-reviews/R1R25RRRQPH3TH,Vaibhav Vadar,Reviewed in India on 15 June 2026,1,,[],2026-06-20T10:16:53.335971
1782318970,B0DGV56J6G,R2RMRKVM291AF6,Buy something else.,It does not fit in ears... Whoever has used in-the-ear headphones will never get this technology because on paper it sounds great .. it looks great but performance wise .. it&#x27;s just rubbish..Take it only if you want to degrade the experience .. I DO NOT RECOMMEND THIS PRODUCT,1.0,https://www.amazon.in/gp/customer-reviews/R2RMRKVM291AF6,Amish,Reviewed in India on 18 June 2026,1,3 people found this helpful,[],2026-06-24T16:36:10.014429
1782318998,	B0F673HNLP,R2D8VAHZKI3NAZ,Comfortable and value for money,"I am uing it for 2 months. It is really very comfortable, suitable for long hours and doesn&#x27;t cause pain or other discomfort like usual ear buds. It is really a very great and friendly product and u can carry out ur work wearing it without fear of thi ear clip falling.I have used ear buds, head phones, wired ear phones. But this is my favorite. If u are person who needs noise cancellation or need high sound this isn&#x27;t for u. Buying this in amazon is suggested. Bcoz the first one I received worked for 3 days and the left one was not working. Amazon had replaced it with good one in 5 days.",5.0,https://www.amazon.in/gp/customer-reviews/R2D8VAHZKI3NAZ,Kavi Malar,Reviewed in India on 19 June 2026,1,One person found this helpful,[],2026-06-24T16:36:38.752922
1782318998,	B0F673HNLP,R1P3BU9WK4WHC4,Never buy it,I genuinely don&#x27;t want even a star... The product is worst i can&#x27;t explain... Every single day is one clip is not working... It&#x27;s not worth it.. It is waste of money now i am regretting to buy it... Never buy and my issue is not resolved anywhere..i have tried all,1.0,https://www.amazon.in/gp/customer-reviews/R1P3BU9WK4WHC4,manoj kumar,Reviewed in India on 21 June 2026,1,,[],2026-06-24T16:36:38.752946
1782319002,B0DQKY3R84,R202JN4T12Z4UY,Nice product,sound quality the best,5.0,https://www.amazon.in/gp/customer-reviews/R202JN4T12Z4UY,madhu.vs,Reviewed in India on 20 June 2026,1,,[],2026-06-24T16:36:42.989246
1782552979,B0DXPL5XHF,R1OCSF9ET143AP,Worthy Product,Sound quality is very good for this budget,5.0,https://www.amazon.in/gp/customer-reviews/R1OCSF9ET143AP,Thanigaivel.TC,Reviewed in India on 23 June 2026,1,,[],2026-06-27T09:36:19.294783
1782552979,B0DXPL5XHF,R1S9PTDVHLARHH,Boat Nirvana Zenith pro,Good quality sound and battery life. Seamless connectivity. Noice cancellation and ambient modes work well. Worth the price,5.0,https://www.amazon.in/gp/customer-reviews/R1S9PTDVHLARHH,Amazon Customer,Reviewed in India on 24 June 2026,1,,[],2026-06-27T09:36:19.294800
1782552983,B0DGV56J6G,R3SJQQT4I5EH6H,Nice,Good 👍,5.0,https://www.amazon.in/gp/customer-reviews/R3SJQQT4I5EH6H,Ribin Radh,Reviewed in India on 22 June 2026,1,,[],2026-06-27T09:36:23.776795
1782552983,B0DGV56J6G,R3AIXLER078JS,good sound quality,solid voice,5.0,https://www.amazon.in/gp/customer-reviews/R3AIXLER078JS,PARMAR NAYANKUMAR BHANUBHAI,Reviewed in India on 24 June 2026,1,,[],2026-06-27T09:36:23.776816
1782924118,B0DXPL5XHF,R3GUEFW9JQ1V0K,Wow Good Sound,Very good product. But touch option are not user friendly. ANC works well.,4.0,https://www.amazon.in/gp/customer-reviews/R3GUEFW9JQ1V0K,PRASHANT TUKARAM KAKADE,Reviewed in India on 27 June 2026,1,,[],2026-07-01T16:41:58.120121
1782924118,B0DXPL5XHF,R1CIKKUEQDFIQA,Entry level premium earbuds,"Another great product from boat. The looks feels premium and battery life is good too. Sound is nice as well but not extraordinary. There are multiple modes like Anc, spatial etc., they do not change the sound entirely but you would know the difference when switching from one mode to another. Another feature is Adaptive sound which is to customize the equalizer as per the individual but I have not tried that yet. The only issue I noticed is that after the buds are idle, it disconnects or goes to sleep and the only way to reconnect is to put it back in the case and restart the buds. Overall a nice product loaded with features and value for money.",4.0,https://www.amazon.in/gp/customer-reviews/R1CIKKUEQDFIQA,Humza Ahmed,Reviewed in India on 26 May 2026,1,,[],2026-07-01T16:41:58.120140
1782924123,B0DGV56J6G,R18ZV8R6WFYJK6,Perfect for me!!,"It arrived today and the pair works well. For me, i love hearing music long term at low volume so this fits! :D The most important thing is, i can lie down and work out with this!! (i tried headbanging and it DID NOT budge!!)Do keep it in mind that it depends on your ear cups (?) though :( My friend have half my ear length (?) lol and it flops around.",5.0,https://www.amazon.in/gp/customer-reviews/R18ZV8R6WFYJK6,reviewer41006,Reviewed in India on 26 June 2026,1,One person found this helpful,[],2026-07-01T16:42:03.129673
1782924123,B0DGV56J6G,R2ENKAB36BG9IA,Very disappointing product.,"Very disappointing product. I do not recommend buying these earbuds.I&#x27;m facing serious issues from the beginning:The earbuds disconnect and reconnect repeatedly during phone calls.Even when they are inside the charging case, they stay connected to my phone.The Bluetooth connection is unreliable, making them frustrating to use.For the price, the quality and performance are not acceptable.Based on my experience, I would not recommend this product. Save your money and consider another brand until these issues are fixed.",1.0,https://www.amazon.in/gp/customer-reviews/R2ENKAB36BG9IA,Afsar khan,Reviewed in India on 27 June 2026,1,One person found this helpful,[],2026-07-01T16:42:03.129698
1782924123,B0DGV56J6G,R1Q9TZDTLOGP8D,"The Ultimate Balance of Comfort, Ambience, and Ear Health!","The Ultimate Balance of Comfort, Ambience, and Ear Health!After 10 days of putting the Noise Pure Pods through their paces, I can confidently say these are an absolute game-changer for anyone tired of traditional, ear-clogging buds.Here is why they stand out:Unmatched Ergonomics &amp; Comfort:They literally just hang and stay comfortably on your ears. Because your ear canal remains completely free, there is zero irritation. You can leave them on all day until your phone rings or a notification comes through.True Situational Awareness: It doesn&#x27;t block your natural hearing. You get your music and calls without mitigating your awareness of the natural ambience around you.A Win for Ear Health:As someone who values long-term health, the open-ear design is perfect for protecting you from the sensorineural hearing issues often associated with long-term use of tight, canal-blocking earphones.The Genious &quot;Pure Band&quot;: The interchangeable neckband is a stylish, brilliant alternative for workouts. You can lift weights or run without any fear of losing your buds here and there, all while staying connected to conversations with friends nearby.Reliable Performance:Connectivity is incredibly smooth, the sound is perfectly sufficient for clear music and hands-free calls, and the battery life is phenomenally long.**Minor Wishlist:** A dedicated companion app would have been great to fine-tune a few controls, but at this price point, it’s a minor omission.The Verdict: If you need hands-free comfort without sacrificing your natural environment or ear health, this is a massive value-for-money product. Highly recommended!",5.0,https://www.amazon.in/gp/customer-reviews/R1Q9TZDTLOGP8D,Abir Chowdhury,Reviewed in India on 25 June 2026,1,One person found this helpful,[],2026-07-01T16:42:03.129715
1782924143,B0DQKY3R84,R1Z4FIA93E947N,Awesome,"Amazing product, good audio very reliable",5.0,https://www.amazon.in/gp/customer-reviews/R1Z4FIA93E947N,Gaurav,Reviewed in India on 25 June 2026,1,,[],2026-07-01T16:42:23.737781
1782924143,B0DQKY3R84,R28GTZJN9TH29H,Awesome!,"Very comfortable, good sound quality value for money",5.0,https://www.amazon.in/gp/customer-reviews/R28GTZJN9TH29H,Yash Jadhav,Reviewed in India on 26 June 2026,1,,[],2026-07-01T16:42:23.737803
